date,close,volume,open,high,low
9/19/2018,22.1,"142,544",22.2,22.42,22
9/18/2018,22.1,140735,22.15,22.42,22
9/17/2018,22.16,54893,22.43,22.565,22.15
9/14/2018,22.43,59536,22.29,22.56,22.23
9/13/2018,22.29,61342,22.43,22.67,22.25
9/12/2018,22.4,102361,22.53,22.68,22.15
9/11/2018,22.58,108116,22.31,22.63,22.2
9/10/2018,22.37,89903,22.75,22.8,22.19
9/7/2018,22.65,104034,22.37,22.77,22.23
9/6/2018,22.4,87539,22.46,22.46,22.2676
9/5/2018,22.38,95571,22.35,22.48,22.25
9/4/2018,22.42,61743,22.71,22.8,22.37
8/31/2018,22.77,77805,22.88,23.07,22.65
8/30/2018,22.94,113680,23.18,23.18,22.89
8/29/2018,23.17,42226,23.32,23.5022,23.095
8/28/2018,23.39,50134,23.66,23.68,23.25
8/27/2018,23.66,141467,23.19,23.79,23.1
8/24/2018,23.22,84262,23.26,23.36,23.17
8/23/2018,23.24,98161,23.35,23.38,23.11
8/22/2018,23.38,120172,23.9,24.09,23.35
8/21/2018,23.97,78018,23.79,24.07,23.67
8/20/2018,23.55,79898,23.38,23.61,22.99
8/17/2018,23.4,59312,23.45,23.635,23.31
8/16/2018,23.5,84378,23.23,23.665,23.23
8/15/2018,23.15,77089,22.93,23.27,22.885
8/14/2018,23.02,72217,23.18,23.35,22.93
8/13/2018,23.25,108417,23.32,23.56,23.09
8/10/2018,23.54,28425,23.48,23.78,23.43
8/9/2018,23.64,65546,24.03,24.19,23.6
8/8/2018,23.99,89736,24.16,24.3,23.96
8/7/2018,24.28,73442,24.25,24.47,24.02
8/6/2018,24.25,86777,23.64,24.325,23.59
8/3/2018,23.49,116169,23.78,23.85,23.34
8/2/2018,23.71,123996,23.77,24.075,23.29
8/1/2018,23.92,191937,23.64,24.335,22.16
7/31/2018,24.99,143718,24.09,25.05,24.09
7/30/2018,24.09,73277,24.25,24.6,24.02
7/27/2018,24.32,51069,24.72,24.8,24.3
7/26/2018,24.63,66028,24.57,24.73,24.3
7/25/2018,24.54,45596,24.8,24.94,24.38
7/24/2018,24.81,43162,24.9,24.95,24.715
7/23/2018,24.92,49469,24.73,24.96,24.73
7/20/2018,24.73,78732,24.7,24.99,24.7
7/19/2018,24.75,49617,24.78,24.86,24.59
7/18/2018,24.78,49210,24.96,25,24.53
7/17/2018,24.95,58611,24.92,25,24.81
7/16/2018,24.92,49112,25.05,25.13,24.81
7/13/2018,25.02,55733,24.97,25.29,24.915
7/12/2018,24.97,35244,24.88,24.98,24.66
7/11/2018,24.84,81868,24.75,25.07,24.75
7/10/2018,24.83,107248,24.95,25.099,24.78
7/9/2018,24.95,92292,24.95,25.23,24.825
7/6/2018,24.79,51499,24.98,25.03,24.7
7/5/2018,24.9,58982,24.85,24.96,24.69
7/3/2018,24.83,50852,24.8,25.01,24.7
7/2/2018,24.67,61095,24.32,24.74,24.32
6/29/2018,24.55,95297,24.74,24.83,24.45
6/28/2018,24.7,84529,25.02,25.05,24.65
6/27/2018,25.04,71363,24.8,25.11,24.59
6/26/2018,24.79,55405,24.58,24.88,24.385
6/25/2018,24.66,76484,24.56,24.74,24.41
6/22/2018,24.73,207595,24.85,24.96,24.47
6/21/2018,24.79,85705,24.75,24.84,24.55
6/20/2018,24.74,71616,24.77,24.905,24.58
6/19/2018,24.69,48923,24.59,24.73,24.415
6/18/2018,24.6,39383,24.64,24.77,24.545
6/15/2018,24.64,81795,24.53,24.7,24.475
6/14/2018,24.56,66231,24.79,24.79,24.395
6/13/2018,24.69,67416,25.03,25.046,24.68
6/12/2018,25.07,78566,25.17,25.17,24.8
6/11/2018,25.07,59705,25.19,25.28,25.025
6/8/2018,25.15,64849,25.22,25.36,25.02
6/7/2018,25.2,81969,25.32,25.37,24.96
6/6/2018,25.24,268036,24.9,25.35,24.08
6/5/2018,24.84,97318,24.57,24.9399,24.47
6/4/2018,24.63,101351,24.63,24.77,24.4245
6/1/2018,24.6,89375,25.2,25.2,24.58
5/31/2018,25.15,82355,25.29,25.32,25.051
5/30/2018,25.36,93938,25.25,25.58,25.0944
5/29/2018,25.04,81111,24.99,25.4,24.89
5/25/2018,25.16,83712,25,25.27,25
5/24/2018,25,121786,25.1,25.14,24.845
5/23/2018,25.17,76631,25.37,25.44,25.015
5/22/2018,25.36,179171,25.66,25.66,25.35
5/21/2018,25.63,108172,25.59,25.76,25.36
5/18/2018,25.55,124322,25.4,25.67,25.33
5/17/2018,25.48,79872,25.55,25.64,25.34
5/16/2018,25.55,149580,25.36,25.605,25.18
5/15/2018,25.33,97041,25.48,25.56,25.3
5/14/2018,25.54,106336,25.7,25.79,25.47
5/11/2018,25.7,90774,25.39,25.72,25.37
5/10/2018,25.58,141269,25.71,25.71,25.36
5/9/2018,25.73,93424,25.86,25.98,25.71
5/8/2018,25.89,64445,26.02,26.12,25.76
5/7/2018,26.06,58833,26.05,26.485,25.7672
5/4/2018,26.08,199008,25.69,26.19,25.58
5/3/2018,25.68,712854,26.11,26.24,25.66
5/2/2018,26.27,118165,26.24,26.43,26.04
5/1/2018,26.27,164891,26.01,26.32,25.45
4/30/2018,26.03,151544,26.77,26.95,25.89
4/27/2018,26.85,173709,26.69,27.18,26.69
4/26/2018,26.66,277862,27.54,27.65,26.56
4/25/2018,27.57,308512,28.35,28.96,27.14
4/24/2018,28.58,121615,28.36,28.93,28.35
4/23/2018,28.23,77149,28.46,28.47,28.11
4/20/2018,28.45,97431,28.25,28.54,28.16
4/19/2018,28.32,35445,28.36,28.51,28.27
4/18/2018,28.46,57452,28.32,28.55,28.32
4/17/2018,28.3,125452,28.25,28.4,28.16
4/16/2018,28.17,242681,28,28.27,27.925
4/13/2018,27.84,153395,27.75,27.84,27.58
4/12/2018,27.63,67989,27.79,27.79,27.61
4/11/2018,27.65,67649,27.81,27.88,27.48
4/10/2018,27.83,95834,27.98,28.08,27.76
4/9/2018,27.78,60413,27.94,28.11,27.7584
4/6/2018,27.76,114663,27.83,28.2,27.54
4/5/2018,27.89,92785,27.75,28.06,27.53
4/4/2018,27.64,121571,27.18,27.73,27.06
4/3/2018,27.35,291867,27.43,27.5,27.01
4/2/2018,27.27,78302,27.61,27.86,27.1
3/29/2018,27.66,89938,27.75,28.07,27.59
3/28/2018,27.65,78714,27.46,27.76,27.27
3/27/2018,27.49,64918,27.61,27.89,27.35
3/26/2018,27.62,72845,27.74,27.77,27.32
3/23/2018,27.44,143983,27.83,28.2522,27.43
3/22/2018,27.83,69583,28.11,28.25,27.8
3/21/2018,28.18,61525,28.21,28.47,28.11
3/20/2018,28.19,47211,28.48,28.77,28.09
3/19/2018,28.42,64961,28.41,28.72,28.16
3/16/2018,28.41,125084,28.35,28.57,28.21
3/15/2018,28.29,237656,28.3,28.54,28.08
3/14/2018,28.33,108618,28.08,28.46,28.01
3/13/2018,28.01,108562,28.34,28.49,27.94
3/12/2018,28.29,99621,28.29,28.42,28.12
3/9/2018,28.1,149735,28.12,28.265,28.01
3/8/2018,28,62476,28.02,28.16,27.87
3/7/2018,27.97,57255,27.92,28.05,27.7973
3/6/2018,28.05,88951,27.67,28.13,27.45
3/5/2018,27.69,90590,27.85,28.04,27.51
3/2/2018,27.85,149200,27.41,28.15,27.41
3/1/2018,27.56,184401,27.15,27.64,27.14
2/28/2018,27.22,61670,27.65,27.72,27.21
2/27/2018,27.57,70269,27.92,28.03,27.51
2/26/2018,27.81,96557,27.8,27.87,27.55
2/23/2018,27.51,47316,27.37,27.62,27.26
2/22/2018,27.32,69326,27.39,27.56,27.08
2/21/2018,27.35,51357,27.57,27.825,27.32
2/20/2018,27.59,113583,27.49,27.76,27.31
2/16/2018,27.64,211522,26.49,27.9,26.48
2/15/2018,26.25,144455,25.62,26.5,25.62
2/14/2018,25.43,81419,25.31,25.68,25.3
2/13/2018,25.52,71128,25.46,25.8,25.26
2/12/2018,25.55,75770,25.69,25.77,25.33
2/9/2018,25.77,107429,25.96,25.96,25.3
2/8/2018,25.84,84742,26.32,26.32,25.8
2/7/2018,26.25,125635,25.76,26.35,25.55
2/6/2018,25.86,169028,25.27,26.055,25.15
2/5/2018,25.6,207844,26.23,26.58,25.48
2/2/2018,26.29,81654,26.45,26.6,26.19
2/1/2018,26.47,113076,26.51,26.7,26.08
1/31/2018,26.63,316582,26.89,27,26.24
1/30/2018,26.83,125732,26.69,26.91,26.66
1/29/2018,26.76,435514,27,27.01,26.76
1/26/2018,26.99,73622,27.1,27.67,26.615
1/25/2018,26.98,191058,27.16,27.25,26.73
1/24/2018,27.11,167889,26.77,27.23,26.56
1/23/2018,26.61,53793,26.37,26.65,25.95
1/22/2018,26.35,87045,26.08,26.39,25.785
1/19/2018,26.11,175857,26.08,26.48,25.71
1/18/2018,26.11,159672,26.45,26.5,25.97
1/17/2018,26.44,162984,26.86,26.86,26.14
1/16/2018,26.73,88923,26.66,27.14,26.65
1/12/2018,26.6,135009,26.41,26.6,26.34
1/11/2018,26.41,83223,26.22,26.56,26.22
1/10/2018,26.22,98082,26.05,26.32,26.0139
1/9/2018,26.15,76438,26.8,26.8,26.11
1/8/2018,26.71,110632,26.42,26.81,26.28
1/5/2018,26.42,70084,26.52,26.67,26.27
1/4/2018,26.46,130796,26.4,26.71,26.2697
1/3/2018,26.21,119481,25.96,26.31,25.64
1/2/2018,25.96,105348,25.72,25.98,25.565
12/29/2017,25.71,57700,26.13,26.13,25.69
12/28/2017,26.08,61484,25.69,26.17,25.69
12/27/2017,25.68,45098,25.59,25.8,25.59
12/26/2017,25.65,39907,25.77,25.84,25.6
12/22/2017,25.75,81357,26.07,26.12,25.53
12/21/2017,25.9,91325,26.12,26.12,25.88
12/20/2017,26.01,75250,26.35,26.35,25.9
12/19/2017,26.27,125861,26.32,26.5,26.18
12/18/2017,26.23,107452,26.38,26.47,26.14
12/15/2017,26.21,199775,25.86,26.32,25.86
12/14/2017,25.84,58253,26.29,26.29,25.825
12/13/2017,26.3,70580,26.27,26.54,26.145
12/12/2017,26.33,78681,26.36,26.495,26.195
12/11/2017,26.34,80158,26.64,26.66,26.23
12/8/2017,26.63,535765,26.53,26.78,26.34
12/7/2017,26.52,80015,26.47,26.67,26.22
12/6/2017,26.49,100428,26.1,26.57,25.71
12/5/2017,26.12,78795,25.92,26.19,25.76
12/4/2017,25.92,66355,25.89,26.06,25.71
12/1/2017,25.67,87888,25.71,25.79,25.29
11/30/2017,25.62,105795,26.01,26.03,25.48
11/29/2017,25.79,139863,25.24,25.855,24.81
11/28/2017,25.22,79204,25.03,25.29,24.88
11/27/2017,24.93,69216,24.74,25.06,24.74
11/24/2017,24.74,35717,25.11,25.11,24.57
11/22/2017,25.01,39274,25.18,25.2,24.9701
11/21/2017,25.07,95534,24.86,25.09,24.55
11/20/2017,24.8,61669,24.96,25.06,24.73
11/17/2017,24.97,137143,24.56,25.04,24.55
11/16/2017,24.68,134423,24.46,24.78,24.46
11/15/2017,24.63,121038,24.46,24.85,24.46
11/14/2017,24.57,52234,24.5,24.69,24.46
11/13/2017,24.63,69262,24.85,25.28,24.54
11/10/2017,24.89,55240,25.03,25.1,24.88
11/9/2017,25.03,71461,25.03,25.215,24.94
11/8/2017,25.15,62039,25.3,25.36,25.06
11/7/2017,25.4,92813,25.76,25.82,25.26
11/6/2017,25.7,57765,25.62,25.84,25.51
11/3/2017,25.74,48905,25.94,26,25.66
11/2/2017,25.94,77220,25.89,26.06,25.81
11/1/2017,25.71,91658,26,26,25.37
10/31/2017,25.9,71632,25.46,25.95,25.39
10/30/2017,25.4,99881,25.61,25.97,25.22
10/27/2017,25.58,97021,25.96,25.96,25.43
10/26/2017,25.9,285638,23.6,25.91,23.6
10/25/2017,24.01,150083,24.33,24.53,23.92
10/24/2017,24.5,219636,24.55,24.85,24.32
10/23/2017,24.5,127419,24.66,24.74,24.26
10/20/2017,24.71,123466,25.09,25.15,24.7
10/19/2017,24.99,77743,24.91,25.17,24.82
10/18/2017,24.99,36870,25.07,25.23,24.97
10/17/2017,25,98027,25.48,25.48,24.99
10/16/2017,25.43,56905,25.3,25.51,25.25
10/13/2017,25.32,52639,25.44,25.49,25.28
10/12/2017,25.4,27813,25.3,25.52,25.27
10/11/2017,25.4,33241,25.71,25.71,25.33
10/10/2017,25.62,54557,25.55,25.69,25.4
10/9/2017,25.37,47950,25.47,25.54,25.29
10/6/2017,25.53,65362,25.79,25.95,25.47
10/5/2017,25.84,155050,25.92,26.08,25.81
10/4/2017,25.92,80504,26,26.16,25.87
10/3/2017,25.93,72494,25.84,25.93,25.55
10/2/2017,25.73,70917,25.62,25.8,25.55
9/29/2017,25.6,60817,25.88,25.88,25.53
9/28/2017,25.92,107388,25.72,26.06,25.53
9/27/2017,25.74,111068,25.54,25.78,25.22
9/26/2017,25.4,87435,25.28,25.51,25.19
9/25/2017,25.22,198304,25,25.3,24.96
9/22/2017,24.97,148468,24.86,25.125,24.86
9/21/2017,24.9,187658,24.53,24.98,24.51
9/20/2017,24.5,157408,24.19,24.74,24.04
9/19/2017,24.17,123591,24.15,24.38,24.11
9/18/2017,24.2,121451,23.95,24.35,23.89
9/15/2017,23.92,316225,24,24.1925,23.8
9/14/2017,23.97,103260,24.13,24.47,23.78
9/13/2017,24.15,125601,23.88,24.27,23.88
9/12/2017,23.91,74083,23.45,24.11,23.45
9/11/2017,23.5,99554,23.37,23.665,23.37
9/8/2017,23.31,208770,23.55,23.89,23.15
9/7/2017,23.57,177823,24.02,24.06,23.5
9/6/2017,23.96,83705,24.21,24.3196,23.9
9/5/2017,24.21,95289,24.28,24.5,24.05
9/1/2017,24.3,63405,24.51,24.575,24.29
8/31/2017,24.49,223161,24.27,24.54,24.27
8/30/2017,24.22,141832,24.27,24.4,23.91
8/29/2017,24.27,107986,24.24,24.52,24.19
8/28/2017,24.3,99513,24.42,24.53,24.08
8/25/2017,24.39,99529,24.26,24.8,24.26
8/24/2017,24.34,131688,24.41,24.96,24.22
8/23/2017,24.28,126889,24.13,24.51,23.77
8/22/2017,24.31,55896,24.36,24.52,23.96
8/21/2017,24.11,43943,24.14,24.16,23.96
8/18/2017,24.15,61264,23.83,24.345,23.67
8/17/2017,23.92,59421,24.09,24.4,23.9
8/16/2017,24.17,54602,24.11,24.59,24.11
8/15/2017,24.07,116157,24.51,24.51,24
8/14/2017,24.48,52859,24.27,24.645,24.27
8/11/2017,24.22,122451,24.84,24.91,24.19
8/10/2017,24.34,44678,24.39,24.585,24.27
8/9/2017,24.52,78082,24.2,24.55,23.725
8/8/2017,24.32,84394,24.22,24.84,24.1
8/7/2017,24.24,100907,24.61,24.8,24.16
8/4/2017,24.62,73303,24.76,24.89,24.55
8/3/2017,24.77,62324,24.86,24.97,24.68
8/2/2017,24.83,237192,24.77,24.86,24.57
8/1/2017,24.71,90545,24.54,24.73,24.34
7/31/2017,24.39,173416,24.9,25.08,24.37
7/28/2017,24.91,455861,24.09,24.94,23.59
7/27/2017,24.23,317972,25.6,26.08,24.0701
7/26/2017,26.49,67980,26.82,26.82,26.41
7/25/2017,26.8,86849,26.6,27.055,26.4689
7/24/2017,26.54,303795,26.38,26.59,26.2
7/21/2017,26.39,88429,26.54,26.61,26.23
7/20/2017,26.35,41182,26.39,26.45,26.12
7/19/2017,26.36,108033,26.22,26.51,26.21
7/18/2017,26.23,127793,26.68,26.88,26.11
7/17/2017,26.69,107817,26.69,27.05,26.54
7/14/2017,26.7,62053,26.81,27.21,26.45
7/13/2017,26.82,70065,26.53,26.82,26.2737
7/12/2017,26.53,68809,26.5,27.045,26.4034
7/11/2017,26.38,65647,26.42,26.55,26.2
7/10/2017,26.43,52562,26.87,27.0181,26.37
7/7/2017,26.88,82217,26.59,26.93,26.59
7/6/2017,26.57,85781,26.93,26.93,26.51
7/5/2017,26.98,92663,27.21,27.42,26.71
7/3/2017,27.22,26354,27,27.26,27
6/30/2017,26.96,55768,27,27.08,26.76
6/29/2017,26.99,53492,26.78,26.99,26.685
6/28/2017,26.85,31061,26.88,26.97,26.76
6/27/2017,26.79,41159,26.67,26.9561,26.67
6/26/2017,26.82,124806,26.64,26.93,26.61
6/23/2017,26.63,185597,26.64,26.71,26.4
6/22/2017,26.55,29699,26.59,26.71,26.42
6/21/2017,26.56,81944,26.78,26.84,26.49
6/20/2017,26.76,58305,26.8,27.164,26.61
6/19/2017,26.88,83138,26.99,27.14,26.8
6/16/2017,26.92,104702,26.77,27.01,26.77
6/15/2017,27,88710,26.68,27.12,26.68
6/14/2017,26.89,111190,26.88,27.09,26.74
6/13/2017,26.89,127111,26.78,27.04,26.65
6/12/2017,26.74,109921,26.53,26.84,26.53
6/9/2017,26.56,83283,26.35,26.69,26.35
6/8/2017,26.41,63529,26.36,26.56,26.14
6/7/2017,26.23,52917,26.43,26.43,26.1
6/6/2017,26.53,73201,26.67,26.68,26.435
6/5/2017,26.73,54179,26.9,26.93,26.59
6/2/2017,26.91,81057,26.63,27.38,26.63
6/1/2017,26.63,64548,26.48,26.65,26.24
5/31/2017,26.29,94799,26.43,26.49,25.93
5/30/2017,26.32,150923,26.29,26.44,25.92
5/26/2017,26.22,81126,26.1,26.36,25.78
5/25/2017,26.09,50156,26.26,26.28,25.995
5/24/2017,26.11,41000,26.13,26.21,25.91
5/23/2017,26.13,51178,26.25,26.25,25.98
5/22/2017,26.14,72679,26.1,26.26,25.89
5/19/2017,26.08,112526,25.66,26.42,25.5327
5/18/2017,25.61,136455,25.62,25.82,25.27
5/17/2017,25.56,107197,25.86,26,25.41
5/16/2017,26.17,128650,26.45,26.53,25.98
5/15/2017,26.49,107738,26.8,27.14,26.47
5/12/2017,26.71,55988,26.85,27.02,26.69
5/11/2017,26.97,54769,27.07,27.16,26.6301
5/10/2017,27.26,70300,27.17,27.59,27.115
5/9/2017,27.26,73754,27.1,27.3999,26.99
5/8/2017,26.98,53227,27.24,27.26,26.86
5/5/2017,27.25,93761,27.47,27.47,26.9222
5/4/2017,27.24,73622,27.29,27.32,26.97
5/3/2017,27.26,113420,27.59,27.59,27.14
5/2/2017,27.58,63887,27.47,28.07,27.41
5/1/2017,27.32,40055,27.33,27.56,27.175
4/28/2017,27.35,97058,27.27,27.75,27.24
4/27/2017,27.16,228063,28.12,28.39,27.01
4/26/2017,28.82,154127,28.57,28.96,28.32
4/25/2017,28.58,66409,28.46,28.82,28.3036
4/24/2017,28.15,220252,27.76,28.17,27.64
4/21/2017,27.64,69577,27.57,27.71,27.465
4/20/2017,27.58,93240,27.47,27.61,27.33
4/19/2017,27.41,43771,27.5,27.6,27.2701
4/18/2017,27.42,41472,27.41,27.42,27.08
4/17/2017,27.49,56958,27.01,27.51,27.01
4/13/2017,27.06,52324,27.15,27.37,27
4/12/2017,27.3,105352,27.7,27.735,27.29
4/11/2017,27.74,142523,27.03,27.74,27.02
4/10/2017,27.09,78261,26.96,27.45,26.96
4/7/2017,26.86,164667,26.22,27.1,26.06
4/6/2017,26.32,125836,26.28,26.48,26.08
4/5/2017,26.32,78144,26.49,26.61,26.26
4/4/2017,26.41,74702,26.82,26.82,26.29
4/3/2017,26.76,69802,27.04,27.13,26.72
3/31/2017,27.12,109356,27,27.22,26.95
3/30/2017,27.04,79228,27.08,27.3,26.85
3/29/2017,27.08,77608,26.9,27.2,26.73
3/28/2017,26.93,46019,26.45,26.96,26.28
3/27/2017,26.6,78573,26.71,26.75,26.38
3/24/2017,26.82,117154,27.09,27.33,26.74
3/23/2017,27.06,144807,26.6,27.44,26.6
3/22/2017,26.6,64666,26.48,26.74,26.41
3/21/2017,26.54,90981,27.11,27.26,26.47
3/20/2017,27.05,38338,27.16,27.19,26.86
3/17/2017,27.06,92997,26.7,27.15,26.63
3/16/2017,26.63,45040,26.49,26.66,26.46
3/15/2017,26.62,53290,26.37,26.67,26.36
3/14/2017,26.31,77972,26.37,26.5,26.18
3/13/2017,26.56,43591,26.47,26.62,26.02
3/10/2017,26.49,87236,26.7,26.92,26.4
3/9/2017,26.32,99129,26.17,27.12,26.07
3/8/2017,26.01,63503,25.99,26.1,25.77
3/7/2017,25.84,45605,25.7,25.88,25.55
3/6/2017,25.83,42649,25.68,25.889,25.44
3/3/2017,25.78,70690,25.78,26.065,25.46
3/2/2017,25.77,41788,25.83,25.915,25.6601
3/1/2017,25.9,56175,26.01,26.3829,25.86
2/28/2017,25.77,124472,26.42,26.42,25.57
2/27/2017,26.41,135673,26.52,26.59,26.3
2/24/2017,26.55,70404,26.54,26.79,26.54
2/23/2017,26.76,43444,27.13,27.2,26.635
2/22/2017,26.99,27214,27.15,27.41,26.83
2/21/2017,27.26,79544,26.65,27.3,26.65
2/17/2017,26.52,69270,26.6,26.8,26.5
2/16/2017,26.82,401350,26.36,27.98,26.36
2/15/2017,27.67,160962,27.4,27.8199,27.26
2/14/2017,27.5,334941,26.65,28.28,26.65
2/13/2017,26.6,87384,26.8,26.95,26.2601
2/10/2017,26.6,43919,26.54,26.79,26.36
2/9/2017,26.36,48590,26.41,26.625,26.29
2/8/2017,26.4,53384,26.36,26.51,26.15
2/7/2017,26.47,44597,26.65,26.89,26.36
2/6/2017,26.61,97928,26.15,26.64,26.15
2/3/2017,26.47,53340,26.18,26.5,26.04
2/2/2017,26.01,93848,26,26.11,25.55
2/1/2017,26.07,160559,26.11,26.43,25.85
1/31/2017,25.95,221884,26.25,26.25,25.93
1/30/2017,26.23,121682,26.51,26.51,26.18
1/27/2017,26.52,64760,26.6,26.72,26.46
1/26/2017,26.62,65138,26.87,27.01,26.615
1/25/2017,26.85,29021,26.97,27.09,26.81
1/24/2017,26.89,52158,26.76,27.03,26.56
1/23/2017,26.6,71757,26.9,26.96,26.48
1/20/2017,26.99,61936,26.93,27.13,26.93
1/19/2017,26.96,62730,27.2,27.5,26.93
1/18/2017,27.27,62604,27.3,27.37,27.04
1/17/2017,27.29,60936,27.33,27.46,27.06
1/13/2017,27.38,176736,27.18,27.44,27.03
1/12/2017,27.25,64011,27.71,27.71,27.14
1/11/2017,27.67,68483,27.54,27.75,27.06
1/10/2017,27.51,110321,27.44,27.65,27.32
1/9/2017,27.52,79945,28.04,28.24,27.52
1/6/2017,28.17,130218,28.32,28.67,28.06
1/5/2017,28.28,93403,28.45,28.76,28
1/4/2017,28.5,130129,28.66,28.88,28.2601
1/3/2017,28.53,107890,28.86,28.86,28.25
12/30/2016,28.64,56056,28.72,28.83,28.46
12/29/2016,28.77,44495,28.7,28.96,28.65
12/28/2016,28.72,30714,28.87,29.1,28.65
12/27/2016,28.93,83039,28.62,29.11,28.62
12/23/2016,28.69,29225,28.82,29.04,28.58
12/22/2016,28.77,55059,28.72,28.85,28.46
12/21/2016,28.84,50942,28.9,29.09,28.84
12/20/2016,28.91,79738,28.88,29.06,28.62
12/19/2016,28.73,81402,29,29.06,28.56
12/16/2016,28.86,335430,28.75,28.98,28.735
12/15/2016,28.62,110752,28.47,28.81,28.29
12/14/2016,28.53,108811,28.62,28.83,28.325
12/13/2016,28.66,95349,28.8,28.86,28.54
12/12/2016,28.8,140594,28.65,28.84,28.55
12/9/2016,28.78,95695,28.86,28.86,28.6
12/8/2016,28.78,79949,28.59,28.81,28.37
12/7/2016,28.59,116682,28.15,28.84,28.1245
12/6/2016,28.18,189108,27.78,28.19,27.65
12/5/2016,27.79,83944,27.71,27.95,27.6
12/2/2016,27.5,60494,27.27,27.57,26.95
12/1/2016,27.29,111912,27.14,27.545,27.1
11/30/2016,27.14,89661,27.23,27.63,27.0089
11/29/2016,27.37,60234,27.6,27.78,27.29
11/28/2016,27.49,126051,26.93,27.62,26.87
11/25/2016,26.99,48781,26.91,27.13,26.91
11/23/2016,27.02,146282,26.75,27.1,26.6005
11/22/2016,26.73,53312,26.57,26.79,26.5
11/21/2016,26.5,48355,26.5,26.6,26.37
11/18/2016,26.42,72202,26.16,26.44,25.97
11/17/2016,26.11,285614,25.85,26.24,25.73
11/16/2016,25.81,180310,25.77,25.91,25.38
11/15/2016,25.42,91295,25.45,25.59,25.201
11/14/2016,25.4,148580,25.91,25.98,25.38
11/11/2016,25.54,242595,24.39,25.81,24.39
11/10/2016,24.38,176457,25,25.455,24.25
11/9/2016,24.89,170208,23.95,24.9,23.59
11/8/2016,24.26,190988,23.84,24.41,23.73
11/7/2016,23.72,101732,23.72,24.09,23.58
11/4/2016,23.48,98587,23.57,23.64,23.42
11/3/2016,23.41,82621,23.48,23.86,23.38
11/2/2016,23.49,123995,23.44,23.86,23.4201
11/1/2016,23.44,144944,23.67,23.84,23.36
10/31/2016,23.64,118669,23.6,23.7699,23.44
10/28/2016,23.57,131610,23.87,24.25,23.43
10/27/2016,24.02,136744,24.34,24.34,23.86
10/26/2016,24.17,185932,25.25,25.29,24.17
10/25/2016,24.26,38732,24.24,24.37,24.16
10/24/2016,24.29,33201,24.36,24.66,24.2
10/21/2016,24.21,172702,24.18,24.4,23.87
10/20/2016,24.35,80313,24.36,24.5,24.01
10/19/2016,24.5,91566,23.96,24.55,23.79
10/18/2016,23.92,59752,24.04,24.41,23.8
10/17/2016,23.9,130589,23.57,24.16,23.56
10/14/2016,23.56,68333,23.43,23.69,23.27
10/13/2016,23.38,47614,23.34,23.66,23.22
10/12/2016,23.47,45555,23.31,23.57,23.19
10/11/2016,23.27,58656,23.39,23.47,23.11
10/10/2016,23.47,37904,23.37,23.53,23.37
10/7/2016,23.21,59080,23.153,23.35,23.06
10/6/2016,23.42,31026,23.36,23.48,23.29
10/5/2016,23.46,29984,23.59,23.68,23.32
10/4/2016,23.58,76369,23.62,23.76,23.39
10/3/2016,23.63,37663,23.68,23.81,23.545
9/30/2016,23.65,131474,23.74,23.84,23.62
9/29/2016,23.6,41422,23.83,23.85,23.51
9/28/2016,23.75,24263,23.6,23.79,23.5
9/27/2016,23.64,40634,23.55,23.75,23.52
9/26/2016,23.63,30054,23.94,24,23.47
9/23/2016,24.05,56837,24.13,24.22,23.88
9/22/2016,24.1,56675,23.49,24.18,23.49
9/21/2016,23.38,70925,23.21,23.58,23.025
9/20/2016,23.07,35429,23.17,23.264,22.98
9/19/2016,23.12,34257,23.22,23.27,22.96
9/16/2016,23.16,83309,22.96,23.21,22.96
9/15/2016,23.01,43258,22.7,23.25,22.53
9/14/2016,22.69,33891,22.81,22.88,22.66
9/13/2016,22.81,59871,22.75,22.89,22.53
9/12/2016,22.85,109145,22.9,22.95,22.74
9/9/2016,23.03,115901,23.53,23.53,23.02
9/8/2016,23.6,32717,23.8,23.83,23.55
9/7/2016,23.85,143635,23.69,23.89,23.69
9/6/2016,23.68,43577,23.78,23.79,23.43
9/2/2016,23.84,31333,23.45,23.93,23.41
9/1/2016,23.42,49547,23.45,23.48,23.26
8/31/2016,23.44,40220,23.56,23.65,23.35
8/30/2016,23.64,64525,23.58,23.72,23.49
8/29/2016,23.44,38525,23.49,23.65,23.38
8/26/2016,23.49,32729,23.74,23.91,23.4
8/25/2016,23.76,73898,23.63,23.81,23.4356
8/24/2016,23.65,95324,23.76,23.79,23.55
8/23/2016,23.87,32438,23.5701,23.95,23.5701
8/22/2016,23.6,276381,23.62,23.74,23.5
8/19/2016,23.72,204855,23.73,23.8,23.38
8/18/2016,23.74,39342,23.54,23.8825,23.54
8/17/2016,23.63,55997,23.74,23.75,23.52
8/16/2016,23.77,69364,23.88,24.09,23.58
8/15/2016,23.9,79144,23.81,24.09,23.67
8/12/2016,23.75,94279,23.32,23.795,23.32
8/11/2016,23.45,82456,23.49,23.71,23.36
8/10/2016,23.4,42724,23.65,23.94,23.3
8/9/2016,23.55,65595,23.99,24.04,23.54
8/8/2016,23.97,106135,23.67,24.12,23.65
8/5/2016,23.7,48308,23.46,23.77,23.46
8/4/2016,23.32,49594,23.51,23.54,23.23
8/3/2016,23.54,89742,23.37,23.6,23.2782
8/2/2016,23.37,58363,23.64,23.75,23.32
8/1/2016,23.66,145312,24.43,24.43,23.55
7/29/2016,24.31,53826,24.42,24.67,24.29
7/28/2016,24.48,150377,24.29,24.5,24.11
7/27/2016,24.36,63874,24.18,24.53,24.11
7/26/2016,24.67,66189,24.71,24.865,24.5
7/25/2016,24.67,33434,24.78,24.78,24.53
7/22/2016,24.89,51983,24.47,24.97,24.45
7/21/2016,24.43,165625,24.08,24.48,24.08
7/20/2016,24.19,36739,24.18,24.315,24.08
7/19/2016,24.15,85135,24.4,24.44,24.04
7/18/2016,24.37,47741,24.41,24.575,24.19
7/15/2016,24.32,94904,24.44,24.475,24.14
7/14/2016,24.32,56295,24.6,24.7,24.25
7/13/2016,24.37,100144,24.2,24.61,23.81
7/12/2016,24.16,55514,24.38,24.38,24.15
7/11/2016,24.26,60318,24.17,24.34,24.13
7/8/2016,24.05,105301,23.78,24.17,23.64
7/7/2016,23.66,162414,23.46,23.7,23.29
7/6/2016,23.47,59774,22.96,23.52,22.96
7/5/2016,23.03,93099,23.14,23.16,22.95
7/1/2016,23.28,51307,23.63,23.63,23.12
6/30/2016,23.68,117566,22.84,23.71,22.77
6/29/2016,22.81,62721,22.51,22.86,22.51
6/28/2016,22.27,79946,22.19,22.45,22.04
6/27/2016,22.01,102907,22.34,22.385,21.97
6/24/2016,22.62,447374,22.17,22.65,22.11
6/23/2016,22.85,53609,22.65,22.9,22.63
6/22/2016,22.53,70107,22.78,22.78,22.37
6/21/2016,22.7,89171,22.77,22.84,22.4
6/20/2016,22.48,40496,22.53,22.78,22.48
6/17/2016,22.37,200614,22.79,22.8,22.3
6/16/2016,22.82,63279,22.69,22.9014,22.41
6/15/2016,22.72,58013,22.67,22.96,22.645
6/14/2016,22.65,58792,22.62,22.91,22.58
6/13/2016,22.68,50215,23,23.06,22.57
6/10/2016,23.05,43569,23.26,23.39,22.95
6/9/2016,23.3,43030,23.38,23.45,23.17
6/8/2016,23.4,34049,23.4,23.54,23.26
6/7/2016,23.39,26048,23.505,23.55,23.27
6/6/2016,23.46,37280,23.35,23.58,23.22
6/3/2016,23.4,32951,23.64,23.73,23.35
6/2/2016,23.79,63416,23.76,23.88,23.67
6/1/2016,23.65,61763,23.4,23.67,23.32
5/31/2016,23.54,82595,23.31,23.74,23.18
5/27/2016,23.21,290528,22.85,23.32,22.85
5/26/2016,22.9,59760,23.06,23.11,22.86
5/25/2016,22.99,59498,23.23,23.385,22.96
5/24/2016,23.25,306955,23.13,23.38,22.68
5/23/2016,23,66111,23.29,23.34,22.96
5/20/2016,23.35,47219,23.17,23.57,23.08
5/19/2016,23.11,67658,23.25,23.25,22.83
5/18/2016,23.28,63766,23.32,23.44,23.12
5/17/2016,23.35,290413,23.52,23.99,23.26
5/16/2016,23.58,80537,23.5,23.8,23.3876
5/13/2016,23.53,38400,23.45,23.69,23.39
5/12/2016,23.56,72056,23.5,23.86,23.31
5/11/2016,23.49,58653,23.69,23.78,23.31
5/10/2016,23.73,42625,23.86,24.08,23.66
5/9/2016,23.84,94112,23.63,23.94,23.49
5/6/2016,23.71,51433,23.42,23.82,23.365
5/5/2016,23.47,101201,23.74,23.79,23.47
5/4/2016,23.65,86233,23.64,24.03,23.6
5/3/2016,23.76,231032,23.89,23.94,23.37
5/2/2016,24.2,162040,24.55,24.55,24.01
4/29/2016,24.43,63302,24.73,24.76,24.43
4/28/2016,24.85,113645,24.53,24.88,24.53
4/27/2016,24.7,156037,24.23,24.94,24.23
4/26/2016,24.31,363076,24,24.6,23.48
4/25/2016,23.73,117471,23.3,23.85,23.1701
4/22/2016,23.36,358633,23,23.75,22.74
4/21/2016,22.21,57316,22.11,22.41,22.05
4/20/2016,22.17,89515,22.23,22.46,21.9755
4/19/2016,22.32,65387,22.24,22.47,22.06
4/18/2016,22.27,175027,21.71,22.27,21.67
4/15/2016,21.85,244815,22.12,22.2,21.7
4/14/2016,22.24,37990,22.35,22.38,22.19
4/13/2016,22.31,86562,22.1,22.39,21.96
4/12/2016,22.05,196817,21.53,22.24,21.32
4/11/2016,21.54,131680,21.63,21.95,21.47
4/8/2016,21.53,71433,21.46,21.5999,21.335
4/7/2016,21.38,55859,21.45,21.6699,21.25
4/6/2016,21.6,54575,21.62,21.71,21.36
4/5/2016,21.66,113914,21.76,21.9199,21.55
4/4/2016,21.86,123121,21.72,21.94,21.45
4/1/2016,21.7,85084,21.52,21.74,21.34
3/31/2016,21.61,78351,21.29,21.72,21.29
3/30/2016,21.34,170665,21.18,21.47,21.11
3/29/2016,21.16,132582,20.73,21.17,20.73
3/28/2016,20.8,49444,20.69,20.9,20.57
3/24/2016,20.67,182959,20.69,20.83,20.4
3/23/2016,20.76,65843,20.78,20.85,20.69
3/22/2016,20.87,72784,20.85,20.96,20.56
3/21/2016,21.01,96882,20.84,21.02,20.55
3/18/2016,20.97,134250,20.61,21.15,20.51
3/17/2016,20.47,55117,20.39,20.6,20.18
3/16/2016,20.44,75847,20.25,20.56,20.25
3/15/2016,20.35,108641,20.54,20.57,20.2
3/14/2016,20.59,60689,20.8,20.83,20.45
3/11/2016,20.8,46086,20.52,20.84,20.47
3/10/2016,20.41,56976,20.74,20.83,20.22
3/9/2016,20.55,92870,20.35,20.62,20.24
3/8/2016,20.32,172150,20.53,20.53,20.2
3/7/2016,20.57,113617,20.74,20.99,20.29
3/4/2016,20.8,105468,20.78,21.01,20.54
3/3/2016,20.78,68701,20.77,21.01,20.51
3/2/2016,20.83,106141,20.56,20.83,20.35
3/1/2016,20.71,46914,20.65,20.71,20.2701
2/29/2016,20.61,75618,20.58,20.9,20.525
2/26/2016,20.69,80247,20.96,21.218,20.48
2/25/2016,20.95,181196,20.27,21.4,20.27
2/24/2016,20.08,228461,19.8,20.09,19.03
2/23/2016,20.06,142786,20.68,20.88,20
2/22/2016,20.83,84308,21.21,21.4797,20.73
2/19/2016,21.07,59152,20.49,21.17,20.42
2/18/2016,20.56,238545,20.87,21,20.39
2/17/2016,20.96,153017,20.32,22.25,20.32
2/16/2016,20.6,122191,20.64,20.76,20.34
2/12/2016,20.41,66944,20.82,20.82,20.32
2/11/2016,20.75,142616,20.16,21,19.88
2/10/2016,20.42,61927,20.73,21.08,20.38
2/9/2016,20.66,36912,20.78,21.21,20.54
2/8/2016,20.9,77204,20.73,21.11,20.25
2/5/2016,20.9,92879,21.3,21.44,20.82
2/4/2016,21.31,171835,21.94,22.07,21.2
2/3/2016,22,108455,22.28,22.28,21.32
2/2/2016,22.08,151030,22.34,22.53,21.91
2/1/2016,22.48,94112,22.31,22.74,22.13
1/29/2016,22.19,126895,22.24,22.43,22
1/28/2016,22.08,57843,22.04,22.25,21.84
1/27/2016,21.91,67388,21.98,22.32,21.71
1/26/2016,21.99,61570,21.99,22.15,21.83
1/25/2016,21.99,71880,22.08,22.21,21.83
1/22/2016,22.12,155406,22.33,22.52,21.89
1/21/2016,22.05,92842,22.34,22.64,22
1/20/2016,22.35,100053,21.63,22.51,21.1301
1/19/2016,21.94,61180,22.45,22.48,21.7
1/15/2016,22.2,129918,21.99,22.43,21.8201
1/14/2016,22.5,76480,22.35,22.63,21.96
1/13/2016,22.21,271138,22.57,22.76,21.91
1/12/2016,22.58,144395,22.54,22.76,22.1301
1/11/2016,22.46,90672,22.67,22.81,22.35
1/8/2016,22.59,120962,22.91,23.11,22.42
1/7/2016,22.82,75600,22.96,23.21,22.56
1/6/2016,23.37,51588,23.25,23.45,23.17
1/5/2016,23.49,131089,23.42,23.61,23.07
1/4/2016,23.43,93623,23.85,23.85,23.24
12/31/2015,24.1,163158,24.27,24.5,23.73
12/30/2015,24.19,63002,24.68,24.7732,24
12/29/2015,24.69,61884,24.48,24.92,24.16
12/28/2015,24.27,58255,24.36,24.41,23.88
12/24/2015,24.4,26849,24.67,24.85,24.3
12/23/2015,24.7,93360,24.4,24.72,24.35
12/22/2015,24.32,57099,24.29,24.41,24.0101
12/21/2015,24.21,53618,24.48,24.765,24.08
12/18/2015,24.37,233894,24.24,24.53,24.1
12/17/2015,24.39,63631,24.51,24.81,24.23
12/16/2015,24.42,75074,24.43,24.58,24.11
12/15/2015,24.34,86656,24.38,24.529,24.14
12/14/2015,24.25,161397,23.92,24.54,23.84
12/11/2015,23.96,111576,24,24.14,23.66
12/10/2015,24.28,53187,24.42,24.63,24.23
12/9/2015,24.36,123213,24.75,25,24.35
12/8/2015,24.77,61362,24.98,25.1899,24.73
12/7/2015,25.23,82273,25.59,25.69,25.06
12/4/2015,25.59,143365,24.68,25.78,24.66
12/3/2015,24.67,165207,25.56,25.79,24.63
12/2/2015,25.56,202075,24.84,25.96,24.84
12/1/2015,24.84,108137,24.93,24.93,24.58
11/30/2015,24.69,144609,24.93,25.02,24.65
11/27/2015,24.79,85084,24.96,25.13,24.73
11/25/2015,24.94,90660,24.91,25.17,24.89
11/24/2015,24.87,194926,24.38,25.17,24.125
11/23/2015,24.5,278979,23.97,24.75,23.88
11/20/2015,24.09,129241,24.09,24.37,23.98
11/19/2015,23.95,126825,24.87,24.87,23.87
11/18/2015,24.88,201507,24.32,24.96,24.27
11/17/2015,24.4,221135,23.72,24.51,23.62
11/16/2015,23.72,82348,23.5,23.78,23.23
11/13/2015,23.62,115276,23.04,23.815,22.88
11/12/2015,23.15,159210,23.61,23.63,23.14
11/11/2015,23.8,188818,23.83,24.12,23.5
11/10/2015,23.45,239156,23.35,23.59,23.27
11/9/2015,23.35,167615,24.13,24.13,23.1
11/6/2015,24.13,170591,23,24.17,22.7
11/5/2015,22.94,176892,22.04,22.96,21.95
11/4/2015,21.98,118266,21.3,22.16,21.01
11/3/2015,21.46,186334,21.55,21.68,21.42
11/2/2015,21.6,185587,21.49,21.75,21.4
10/30/2015,21.51,121130,21.46,21.68,21.25
10/29/2015,21.54,126622,22.03,22.151,21.39
10/28/2015,22.21,90046,21.46,22.27,21.38
10/27/2015,21.43,61489,21.71,21.84,21.27
10/26/2015,21.85,48491,22,22.06,21.76
10/23/2015,21.99,172245,21.94,22.17,21.645
10/22/2015,21.83,92026,22.12,22.13,21.64
10/21/2015,22.06,146175,22.26,22.32,21.98
10/20/2015,22.25,75277,21.95,22.36,21.88
10/19/2015,22.03,80568,21.78,22.11,21.77
10/16/2015,21.92,62497,22.3,22.37,21.76
10/15/2015,22.21,122758,22.02,22.24,21.4
10/14/2015,21.99,152131,21.87,22.07,21.595
10/13/2015,21.94,128392,21.51,22.192,21.51
10/12/2015,21.69,28817,21.42,21.75,21.41
10/9/2015,21.46,79251,21.26,21.54,21.24
10/8/2015,21.2,91018,21.12,21.24,21.09
10/7/2015,21.2,201553,21.25,21.55,21.05
10/6/2015,21.23,142025,21.74,21.74,21.02
10/5/2015,21.85,69091,21.69,21.93,21.53
10/2/2015,21.59,47601,21.56,21.71,21.3
10/1/2015,21.65,53122,21.65,21.8,21.26
9/30/2015,21.59,184837,21,21.83,21
9/29/2015,20.89,246097,20.85,21.29,20.59
9/28/2015,20.67,101419,20.8,21,20.6
9/25/2015,20.79,159549,21.19,21.425,20.71
9/24/2015,21.05,69666,21.15,21.28,20.98
9/23/2015,21.21,191020,21.42,21.71,20.92
9/22/2015,21.4,177497,21.49,21.66,21.27
9/21/2015,21.74,114437,21.64,21.95,21.42
9/18/2015,21.62,188535,22.03,22.23,21.53
9/17/2015,22.28,85112,22.17,22.7,22.12
9/16/2015,22.16,47173,22.36,22.47,22.1
9/15/2015,22.27,42766,22.45,22.58,22.16
9/14/2015,22.43,105591,22.76,22.8,22.2
9/11/2015,22.78,78073,22.45,22.92,22.27
9/10/2015,22.61,30425,22.63,22.97,22.54
9/9/2015,22.68,63523,23.15,23.15,22.63
9/8/2015,23,86130,22.92,23.23,22.76
9/4/2015,22.64,132510,22.18,22.81,22.18
9/3/2015,22.44,133938,22.28,22.92,22.2
9/2/2015,22.19,260523,22.22,22.22,22
9/1/2015,21.96,210685,22.65,22.75,21.875
8/31/2015,22.95,217021,23,23.62,22.75
8/28/2015,23.24,240996,22.84,23.29,22.68
8/27/2015,22.96,614021,22.31,22.99,22.31
8/26/2015,22.23,211214,22.47,22.84,21.82
8/25/2015,22.11,153473,22.19,22.8,21.99
8/24/2015,21.71,233037,22.43,22.99,21.71
8/21/2015,23.34,171785,23.01,23.75,23.01
8/20/2015,23.45,114224,23.52,23.9,23.43
8/19/2015,23.54,85561,23.59,24,23.32
8/18/2015,23.74,74439,23.67,24.1,23.33
8/17/2015,23.8,96187,23.31,24.07,23.19
8/14/2015,23.42,126845,23.34,23.8,23.28
8/13/2015,23.42,157319,23.6,23.88,23.3525
8/12/2015,23.45,86541,23.5,23.73,23.23
8/11/2015,23.68,98689,23.19,23.87,23.16
8/10/2015,23.34,168138,23.07,23.38,22.77
8/7/2015,22.73,160863,22.89,23.59,22.67
8/6/2015,22.81,126691,22.64,23.11,21.97
8/5/2015,22.65,594866,22.9,23.42,20.03
8/4/2015,23.25,72015,23.43,23.43,23.13
8/3/2015,23.42,66049,24.08,24.08,23.295
7/31/2015,24.03,59966,23.71,24.26,23.48
7/30/2015,23.62,63126,23.58,23.81,23.45
7/29/2015,23.69,85895,23.38,23.78,23.24
7/28/2015,23.37,51597,23.72,23.72,23.3
7/27/2015,23.64,47990,23.8,24,23.51
7/24/2015,23.84,73837,24.2,24.46,23.77
7/23/2015,24.25,100499,24.51,24.52,23.95
7/22/2015,24.5,98640,23.6,24.57,23.5899
7/21/2015,23.68,117231,23.58,23.909,23.45
7/20/2015,23.58,161480,23.53,23.97,23.53
7/17/2015,23.67,41702,23.68,23.93,23.5103
7/16/2015,23.63,76083,23.64,23.91,23.54
7/15/2015,23.53,54559,23.8,23.91,23.5
7/14/2015,23.85,56717,23.53,23.99,23.51
7/13/2015,23.59,140336,23.4,23.7,23.23
7/10/2015,23.29,132071,23.59,24,23.09
7/9/2015,23.35,47836,23.29,23.57,23.29
7/8/2015,23.06,168036,23.59,23.685,22.52
7/7/2015,23.78,93921,23.86,23.97,23.55
7/6/2015,23.95,84018,23.63,24.06,23.51
7/2/2015,23.76,52424,23.96,24.09,23.6901
7/1/2015,23.9,49872,24,24.02,23.8
6/30/2015,23.88,42429,23.83,24.08,23.7
6/29/2015,23.68,87770,24.18,24.27,23.67
6/26/2015,24.35,125970,24.47,24.52,24.21
6/25/2015,24.4,83148,24.41,24.57,24.26
6/24/2015,24.39,73416,24.62,24.69,24.24
6/23/2015,24.67,166436,24.57,24.84,24.45
6/22/2015,24.52,128920,24.8,24.94,24.46
6/19/2015,24.75,334849,24.48,24.78,24.17
6/18/2015,24.41,87130,24.42,24.7,24.34
6/17/2015,24.34,181224,24.29,24.47,24.15
6/16/2015,24.18,90966,24.06,24.45,23.94
6/15/2015,24.07,136470,24.12,24.23,23.79
6/12/2015,24.33,80152,24.22,24.41,24.12
6/11/2015,24.21,183417,24.33,24.74,24.17
6/10/2015,24.33,219156,24.67,24.97,24.26
6/9/2015,24.6,86348,24.51,24.67,24.26
6/8/2015,24.54,75997,24.75,24.84,24.51
6/5/2015,24.85,56423,24.85,24.88,24.65
6/4/2015,24.89,205796,24.81,24.96,24.75
6/3/2015,24.96,187058,24.99,25.05,24.55
6/2/2015,25.03,83208,25.02,25.21,24.88
6/1/2015,25.05,90902,24.91,25.22,24.59
5/29/2015,24.88,170154,24.99,25.08,24.41
5/28/2015,25.01,47503,25.16,25.17,24.79
5/27/2015,25.13,52362,24.96,25.2,24.6
5/26/2015,24.92,100550,25.32,25.558,24.6
5/22/2015,25.34,116931,25.44,25.63,25.1
5/21/2015,25.44,105910,25.37,25.57,25.23
5/20/2015,25.33,60004,25.47,25.624,25.14
5/19/2015,25.39,199390,25.48,25.65,25.1
5/18/2015,25.4,137329,25.21,25.64,24.9001
5/15/2015,25.17,91983,24.97,25.23,24.86
5/14/2015,25,79700,24.52,25.02,24.41
5/13/2015,24.5,137372,24.42,24.56,24.1
5/12/2015,24.43,72063,24.45,24.5,24
5/11/2015,24.47,88011,24.5,24.6499,24.32
5/8/2015,24.47,192937,24.47,24.53,23.87
5/7/2015,24.45,230191,24.49,24.73,24.25
5/6/2015,24.31,282218,24.25,25.37,23.86
5/5/2015,23.63,160430,23.68,23.76,23.4
5/4/2015,23.65,223786,23.6,23.94,23.51
5/1/2015,23.6,56725,23.59,23.7399,23.48
4/30/2015,23.64,107811,23.82,23.93,23.35
4/29/2015,23.99,69225,24.17,24.17,23.83
4/28/2015,24.12,36428,23.92,24.23,23.75
4/27/2015,23.95,63047,24.13,24.4,23.77
4/24/2015,24.11,63760,24.26,24.3,23.85
4/23/2015,24.11,54435,24.19,24.3096,24.062
4/22/2015,24.29,40105,23.89,24.43,23.75
4/21/2015,23.86,292066,23.75,23.9,23.56
4/20/2015,23.76,29478,23.64,24.07,23.51
4/17/2015,23.57,59477,23.98,24.03,23.5
4/16/2015,24.17,55670,24.13,24.18,24.06
4/15/2015,24.06,215149,23.33,24.12,23.29
4/14/2015,23.25,159071,23.55,23.74,22.98
4/13/2015,23.56,69418,23.6,23.77,23.42
4/10/2015,23.66,47167,23.57,23.67,23.42
4/9/2015,23.45,57904,23.65,23.8,23.25
4/8/2015,23.55,47962,23.4,23.63,23.4
4/7/2015,23.39,197335,23.62,23.7,23.37
4/6/2015,23.62,83059,23.48,23.76,23.35
4/2/2015,23.54,80257,23.55,23.7,23.44
4/1/2015,23.55,99855,23.85,23.95,23.35
3/31/2015,23.87,124599,23.98,24.0052,23.68
3/30/2015,24.1,84671,24.7,24.72,24.06
3/27/2015,24.69,112036,24.76,24.9,24.69
3/26/2015,24.76,99254,24.65,25.03,24.65
3/25/2015,24.74,278736,25.12,25.2,24.51
3/24/2015,25,103670,24.56,25.11,24.51
3/23/2015,24.55,101661,24.69,24.986,24.53
3/20/2015,24.63,244102,24.47,24.9095,24.35
3/19/2015,24.35,86846,24.3,24.45,24
3/18/2015,24.25,709721,24.39,24.61,24.09
3/17/2015,24.51,110857,24.19,24.545,23.92
3/16/2015,24.32,125589,24.5,24.673,24.25
3/13/2015,24.29,65345,24.14,24.52,23.93
3/12/2015,24.1,99783,24.11,24.75,24.01
3/11/2015,24.06,45272,23.99,24.1,23.82
3/10/2015,23.95,91444,23.75,24,23.55
3/9/2015,23.9,85771,23.41,24.09,23.41
3/6/2015,23.41,96802,23.66,23.92,23.3
3/5/2015,23.83,80895,23.73,24.24,23.6
3/4/2015,23.67,124202,23.97,24.09,23.65
3/3/2015,23.97,170753,23.45,23.99,23.19
3/2/2015,23.44,97386,23.08,23.64,22.9901
2/27/2015,22.99,201985,22.83,23.01,22.67
2/26/2015,22.77,132512,23.19,23.19,22.56
2/25/2015,22.49,237080,22.8,22.81,22.46
2/24/2015,22.58,44509,22.51,22.74,22.51
2/23/2015,22.55,38805,22.64,22.7,22.45
2/20/2015,22.68,47698,22.85,22.95,22.55
2/19/2015,22.79,40239,22.62,23.29,22.62
2/18/2015,22.69,54005,22.5,22.8499,22.46
2/17/2015,22.47,47272,22.28,22.5,22.26
2/13/2015,22.33,48786,22.06,22.48,22.06
2/12/2015,22.07,56282,21.95,22.4,21.95
2/11/2015,21.88,63208,21.65,21.97,21.41
2/10/2015,21.75,28824,21.82,21.94,21.66
2/9/2015,21.84,66384,22.33,22.63,21.67
2/6/2015,22.33,157479,22.34,22.69,22.15
2/5/2015,22.32,42488,22.49,22.5,22.18
2/4/2015,22.33,35744,22.46,22.81,22.17
2/3/2015,22.43,54960,22.05,22.71,22.05
2/2/2015,22.03,27084,21.82,22.08,21.62
1/30/2015,21.8,64608,22.24,22.46,21.721
1/29/2015,22.47,101614,22.81,22.91,22.06
1/28/2015,22.77,128699,22.68,22.99,22.3
1/27/2015,22.66,136343,22.31,22.84,22.1
1/26/2015,22.38,137243,21.93,22.4699,21.61
1/23/2015,21.81,56848,21.68,21.99,21.3325
1/22/2015,21.68,225794,21.2,21.77,21.02
1/21/2015,21.05,29904,21.17,21.33,20.87
1/20/2015,21.29,64745,21.35,21.74,20.743
1/16/2015,21.45,68729,21.48,21.88,21.4
1/15/2015,21.53,240027,20.82,21.935,20.61
1/14/2015,20.68,38557,20.1,20.89,20.1
1/13/2015,20.3,115644,20.34,20.86,20.09
1/12/2015,20.19,38420,20.35,20.5,20.03
1/9/2015,20.44,41242,20.56,20.67,20.39
1/8/2015,20.57,101649,20.1,20.79,20.08
1/7/2015,20.15,28498,20.32,20.5,19.849
1/6/2015,20.16,68647,20.03,20.36,19.41
1/5/2015,20.05,46558,19.99,20.15,19.6602
1/2/2015,20.16,42314,20.95,20.98,20.0182
12/31/2014,20.95,26924,20.97,21.19,20.95
12/30/2014,21,31574,21.15,21.28,20.99
12/29/2014,21.19,45147,21,21.3,20.85
12/26/2014,20.95,22870,20.73,21,20.6401
12/24/2014,20.86,17571,20.92,20.99,20.73
12/23/2014,20.81,23827,20.88,21,20.6
12/22/2014,20.88,88628,20.86,21.2,20.49
12/19/2014,20.78,263695,20.48,21.15,20.48
12/18/2014,20.49,82789,20.08,20.63,20
12/17/2014,20.08,79823,19.71,20.08,19.5801
12/16/2014,19.73,66301,19.38,20.05,19.38
12/15/2014,19.35,57982,19.51,19.59,19.17
12/12/2014,19.34,33276,19.2,19.6,19.2
12/11/2014,19.35,30366,19.43,19.73,19.22
12/10/2014,19.3,50674,19.97,20.0699,19.24
12/9/2014,19.98,57856,19.11,20.05,19.02
12/8/2014,19.26,24156,19.55,19.65,19.24
12/5/2014,19.55,25256,19.38,19.59,19.38
12/4/2014,19.43,28396,19.54,19.65,19.33
12/3/2014,19.49,36358,19.374,19.73,19.35
12/2/2014,19.44,28779,19.36,19.71,19.346
12/1/2014,19.37,64674,19.25,19.49,19.17
11/28/2014,19.21,32882,19.47,19.63,19.16
11/26/2014,19.52,17822,19.64,19.64,19.43
11/25/2014,19.6,45030,19.59,19.64,19.54
11/24/2014,19.52,30735,19.54,19.65,19.33
11/21/2014,19.62,44481,19.73,19.73,19.56
11/20/2014,19.55,29953,19.12,19.6,19.021
11/19/2014,19.25,45783,19.38,19.73,19.21
11/18/2014,19.53,54290,19.64,19.71,19.43
11/17/2014,19.57,70295,19.52,19.73,19.4
11/14/2014,19.47,60468,19.49,19.92,19.33
11/13/2014,19.43,75161,19.38,19.5,19.1
11/12/2014,19.3,125551,18.95,19.53,18.92
11/11/2014,19.01,60582,19.26,19.31,18.89
11/10/2014,19.31,48224,19.11,19.34,19.04
11/7/2014,19.18,38802,19.31,19.31,19.05
11/6/2014,19.41,38065,19.49,19.5,19.23
11/5/2014,19.47,50073,19.47,19.5,19.165
11/4/2014,19.46,49884,19.61,19.63,19.22
11/3/2014,19.58,69055,19.96,20.09,19.46
10/31/2014,19.96,114376,19.84,20.02,19.55
10/30/2014,19.49,114628,18.96,19.67,18
10/29/2014,18.99,66942,19.26,19.3,18.89
10/28/2014,19.23,103793,18.93,19.32,18.93
10/27/2014,18.96,79344,18.73,19.0535,18.535
10/24/2014,18.89,35246,18.79,18.96,18.69
10/23/2014,18.73,215979,18.51,18.99,18.45
10/22/2014,18.42,37184,18.54,18.65,18.28
10/21/2014,18.59,201709,17.92,18.66,17.87
10/20/2014,17.91,62625,18.04,18.2199,17.6801
10/17/2014,18.06,67722,18.71,18.71,18.03
10/16/2014,18.45,38564,18.19,18.62,18.1701
10/15/2014,18.16,65455,18.16,18.21,17.72
10/14/2014,18.22,74711,18.13,18.5035,17.9
10/13/2014,18.07,47697,17.93,18.24,17.7
10/10/2014,17.87,96110,17.94,18.2,17.79
10/9/2014,17.99,62120,18.04,18.1,17.64
10/8/2014,18.04,70847,17.76,18.23,17.3003
10/7/2014,17.84,60935,17.85,18.1,17.77
10/6/2014,17.95,114298,18.11,18.11,17.8137
10/3/2014,17.97,52050,17.85,18.22,17.66
10/2/2014,17.66,45748,17.28,17.72,17.18
10/1/2014,17.31,68500,17.28,17.52,17.18
9/30/2014,17.33,56028,17.7,17.7826,17.29
9/29/2014,17.66,39234,17.61,17.85,17.52
9/26/2014,17.73,25299,17.78,17.82,17.62
9/25/2014,17.78,47390,18.01,18.05,17.65
9/24/2014,18.08,59977,17.9,18.2399,17.77
9/23/2014,17.91,49837,18.15,18.21,17.909
9/22/2014,18.22,54221,18.21,18.2899,18.01
9/19/2014,18.26,63919,18.64,18.64,18.13
9/18/2014,18.61,59189,18.6,18.77,18.49
9/17/2014,18.63,56951,18.54,18.65,18.41
9/16/2014,18.57,34348,18.45,18.69,18.45
9/15/2014,18.45,95219,18.53,18.57,18.4
9/12/2014,18.54,65936,18.65,18.72,18.4
9/11/2014,18.62,44805,18.48,18.68,18.48
9/10/2014,18.6,60434,18.53,18.699,18.45
9/9/2014,18.52,44232,18.47,18.67,18.45
9/8/2014,18.56,102512,18.56,18.78,18.42
9/5/2014,18.5,110381,18.3,18.53,18.12
9/4/2014,18.41,35720,18.89,18.9733,18.41
9/3/2014,18.83,52831,18.94,18.96,18.67
9/2/2014,18.86,84319,18.89,19.029,18.77
8/29/2014,18.64,55868,18.51,18.68,18.5
8/28/2014,18.52,37628,18.54,18.654,18.44
8/27/2014,18.59,54463,18.585,18.69,18.49
8/26/2014,18.56,38946,18.411,18.685,18.36
8/25/2014,18.4,45355,18.51,18.87,18.37
8/22/2014,18.49,47482,18.82,19.1105,18.44
8/21/2014,18.84,109462,18.45,19.16,18.29
8/20/2014,18.41,60487,18.41,18.53,18.21
8/19/2014,18.45,52745,18.55,18.68,18.41
8/18/2014,18.59,136186,18.28,18.6899,18.24
8/15/2014,18.19,118953,18.24,18.28,18.08
8/14/2014,18.05,103677,17.89,18.2,17.84
8/13/2014,17.87,56980,17.79,18.03,17.63
8/12/2014,17.77,62933,17.56,17.845,17.451
8/11/2014,17.54,77732,17.7,17.84,17.46
8/8/2014,17.59,85433,17.71,17.86,17.48
8/7/2014,17.72,139826,18.02,18.65,17.64
8/6/2014,17.88,316418,17,18.22,16.52
8/5/2014,16.02,62829,16.03,16.18,15.9
8/4/2014,16.04,72000,16.07,16.19,15.95
8/1/2014,16.04,64031,16.13,16.31,15.95
7/31/2014,16.13,96750,16.04,16.5,16.04
7/30/2014,16.19,43151,16.27,16.29,16.14
7/29/2014,16.16,73891,16.11,16.39,16
7/28/2014,16.07,64249,16.07,16.2,15.98
7/25/2014,16.09,118345,16.2,16.41,16.08
7/24/2014,16.29,85436,16.15,16.3999,15.76
7/23/2014,16.17,57858,16.32,16.41,16.09
7/22/2014,16.27,209360,16.04,16.48,15.95
7/21/2014,16,71765,16,16.1,15.91
7/18/2014,16.08,158645,15.98,16.16,15.98
7/17/2014,16.04,140664,16.04,16.17,15.92
7/16/2014,16.14,79013,16.3,16.33,16
7/15/2014,16.2,103423,16.5,16.5,16.17
7/14/2014,16.52,159440,16.43,16.54,16.3475
7/11/2014,16.26,95264,16.34,16.5,16.23
7/10/2014,16.41,73885,16.27,16.69,16.08
7/9/2014,16.53,78443,16.59,16.746,16.34
7/8/2014,16.61,90355,16.9,16.91,16.5
7/7/2014,16.92,59668,17.32,17.32,16.9
7/3/2014,17.3,29329,17.36,17.36,17.23
7/2/2014,17.33,55654,17.49,17.61,17.27
7/1/2014,17.49,382118,17.22,17.7,17.13
6/30/2014,17.13,124453,17.17,17.2,16.9
6/27/2014,17.2,387025,17.08,17.33,17.04
6/26/2014,17.21,59426,17.38,17.38,17.0001
6/25/2014,17.33,70873,17.13,17.38,17
6/24/2014,17.23,39911,17.42,17.6,17.1601
6/23/2014,17.36,38546,17.4,17.45,17.18
6/20/2014,17.44,109190,17.75,17.75,17.41
6/19/2014,17.73,59403,17.99,18.05,17.43
6/18/2014,17.93,90125,17.16,17.97,17.09
6/17/2014,17.21,113369,17.19,17.22,17.02
6/16/2014,17.23,65414,17.22,17.3,17.05
6/13/2014,17.21,100527,17.6,17.6,17
6/12/2014,17.6,133024,17.68,17.7,17.38
6/11/2014,17.69,53733,17.68,17.77,17.54
6/10/2014,17.68,70604,17.69,17.77,17.48
6/9/2014,17.84,47171,17.86,17.93,17.6
6/6/2014,17.9,49917,17.94,18.2,17.684
6/5/2014,17.85,67799,17.7,18.03,17.5
6/4/2014,17.66,92797,17.34,17.73,17.25
6/3/2014,17.33,121791,17.94,17.94,17.29
6/2/2014,17.96,129185,18.39,18.41,17.92
5/30/2014,18.37,131832,18.41,18.55,18.272
5/29/2014,18.32,213219,18.41,18.69,18.23
5/28/2014,18.44,156481,17.93,18.54,17.862
5/27/2014,17.9,191831,17.39,18.105,17.325
5/23/2014,17.3,168486,17.26,18.9,16.96
5/22/2014,17.21,135495,16.97,17.247,16.852
5/21/2014,17,180160,16.8,17.23,16.69
5/20/2014,16.73,161657,16.86,17.01,16.61
5/19/2014,16.88,129099,16.79,17.16,16.67
5/16/2014,16.91,148236,16.79,17.25,16.5
5/15/2014,16.86,235518,16.53,16.87,16.53
5/14/2014,16.67,254142,16.01,16.9,16.01
5/13/2014,15.81,77974,15.96,16.09,15.79
5/12/2014,16.04,94185,15.77,16.3,15.7
5/9/2014,15.66,98938,15.52,15.86,15.26
5/8/2014,15.62,161311,15.5,16.33,15.25
5/7/2014,15.79,120481,15.98,15.98,15.5
5/6/2014,15.98,82053,16.11,16.25,15.93
5/5/2014,16.18,78844,16.13,16.29,15.95
5/2/2014,16.23,96287,16.18,16.46,16.12
5/1/2014,16.12,193737,16.14,16.504,15.92
4/30/2014,16.09,359952,16,16.19,15.55
4/29/2014,16.03,166633,16.34,16.52,15.94
4/28/2014,16.34,346069,17,17,15.9
4/25/2014,16.96,198323,16.95,17.05,16.78
4/24/2014,17.02,332126,17.19,17.19,16.72
4/23/2014,17.04,81581,17.35,17.49,17
4/22/2014,17.34,67818,17.4,17.57,17.29
4/21/2014,17.37,118034,17.58,17.58,17.15
4/17/2014,17.6,250496,17.4,17.6,17.2
4/16/2014,17.44,94106,17.42,17.64,17.16
4/15/2014,17.3,141505,17.34,17.46,17.122
4/14/2014,17.33,127102,17.72,17.72,17.2
4/11/2014,17.56,193948,17.72,17.86,17.55
4/10/2014,17.85,154554,18.2,18.24,17.82
4/9/2014,18.24,235551,18.11,18.3,17.87
4/8/2014,18.09,357763,17.75,18.5,17.702
4/7/2014,17.78,275612,17.9,17.9,17.65
4/4/2014,17.99,124728,18.43,18.46,17.85
4/3/2014,18.32,249895,18.31,18.58,18.2
4/2/2014,18.33,102797,18.27,18.47,17.9
4/1/2014,18.27,123074,18.22,18.37,17.91
3/31/2014,18.24,180282,17.67,18.28,17.58
3/28/2014,17.59,97871,17.72,17.86,17.55
3/27/2014,17.65,155160,17.8,17.87,17.57
3/26/2014,17.84,261942,18,18.11,17.73
3/25/2014,17.82,205226,17.41,18.04,17.404
3/24/2014,17.36,160346,17.58,17.58,17.25
3/21/2014,17.61,275767,17.75,17.81,17.42
3/20/2014,17.72,361838,17.71,17.76,17.42
3/19/2014,17.72,275149,18.28,18.3,17.55
3/18/2014,18.33,928861,18.63,18.65,17.78
3/17/2014,18.03,728187,17.28,18.15,17.15
3/14/2014,17.13,1165361,17.02,17.41,16.71
3/13/2014,17.03,2073395,18.17,18.34,16.8
3/12/2014,18.67,217844,18.86,18.91,18.64
3/11/2014,19.02,144417,19.2,19.2,18.83
3/10/2014,19.23,252495,19.69,19.73,18.96
3/7/2014,19.83,143113,19.41,20.33,18.86
3/6/2014,19.47,275220,21.15,21.5,19.1753
3/5/2014,20.71,83953,20.78,20.9099,20.41
3/4/2014,20.85,74010,20.63,21,20.5992
3/3/2014,20.49,54821,20.24,20.6,20.24
2/28/2014,20.43,37503,20.52,20.84,20.36
2/27/2014,20.47,62336,20.32,20.64,20.1045
2/26/2014,20.38,66963,20.24,20.6,20.12
2/25/2014,20.26,71293,20.38,20.42,20.12
2/24/2014,20.4,50984,20.64,20.64,20.3299
2/21/2014,20.64,77884,21.1,21.1,20.59
2/20/2014,21.03,37264,20.82,21.128,20.75
2/19/2014,20.98,47510,21.02,21.32,20.897
2/18/2014,21.14,31857,20.93,21.26,20.85
2/14/2014,20.94,37614,20.92,21.05,20.55
2/13/2014,20.89,43350,20.8,21.06,20.64
2/12/2014,20.98,62033,20.8,21.1,20.8
2/11/2014,20.75,43395,20.351,20.94,20.33
2/10/2014,20.42,40925,20.64,20.64,20.11
2/7/2014,20.61,101482,20.3,20.72,20.25
2/6/2014,20.3,54974,20.5,20.798,20.23
2/5/2014,20.37,111339,20.91,21.329,20.24
2/4/2014,21,143734,20.3,21.23,20.22
2/3/2014,20.16,109931,21.33,21.445,20.04
1/31/2014,21.4,107919,20.66,21.586,20.475
1/30/2014,21.02,79206,20.63,21.09,20.53
1/29/2014,20.53,73470,20.56,20.69,20.402
1/28/2014,20.8,83914,20.58,20.83,20.53
1/27/2014,20.63,57442,21.04,21.13,20.42
1/24/2014,21.09,58653,21.73,21.9,21.001
1/23/2014,21.91,135848,21.92,21.98,21.63
1/22/2014,21.92,230167,21.54,21.96,21.38
1/21/2014,21.58,183425,21.98,22.48,21.442
1/17/2014,21.79,73600,21.71,21.84,21.6
1/16/2014,21.79,123712,21.62,21.91,21.62
1/15/2014,21.72,171687,21.83,21.83,21.29
1/14/2014,21.86,245669,21.44,22.28,21.3
1/13/2014,21.44,192308,20.86,21.67,20.8
1/10/2014,20.86,187546,20.5,20.96,20.48
1/9/2014,20.48,194977,20.4,20.57,20.37
1/8/2014,20.4,167084,20.38,20.61,20.38
1/7/2014,20.48,155801,20.28,20.57,20.28
1/6/2014,20.29,190524,20.37,20.51,19.88
1/3/2014,20.37,145081,20.48,20.51,20.3404
1/2/2014,20.3,164521,19.46,20.9,19.42
12/31/2013,19.53,45601,19.79,19.95,19.5
12/30/2013,19.74,168470,20.59,20.6,19.51
12/27/2013,20.44,213367,19.68,20.62,19.6
12/26/2013,19.57,180987,17.76,19.649,17.69
12/24/2013,17.76,44680,17.89,17.96,17.68
12/23/2013,17.92,62150,18.09,18.12,17.7442
12/20/2013,17.94,116515,17.44,18.1,17.25
12/19/2013,17.48,49853,17.82,17.94,17.2701
12/18/2013,17.93,56149,17.48,17.95,17.27
12/17/2013,17.42,101019,17.13,17.42,16.82
12/16/2013,17.2,68434,17.49,17.58,17.15
12/13/2013,17.47,34455,17.48,17.55,17.45
12/12/2013,17.48,68635,17.77,17.77,17.37
12/11/2013,17.79,64152,17.9,17.9144,17.63
12/10/2013,17.87,69970,18.2,18.25,17.78
12/9/2013,18.27,26108,18.35,18.39,18.195
12/6/2013,18.38,33595,18.53,18.53,18.3101
12/5/2013,18.39,17611,18.45,18.54,18.36
12/4/2013,18.51,23864,18.7,18.86,18.47
12/3/2013,18.77,43469,18.39,18.81,18.32
12/2/2013,18.41,62613,18.77,18.94,18.26
11/29/2013,18.77,27722,18.79,18.85,18.68
11/27/2013,18.72,34507,18.64,18.77,18.51
11/26/2013,18.66,53221,18.65,18.8401,18.58
11/25/2013,18.66,92985,18.3,18.88,18.3
11/22/2013,18.36,69812,18.31,18.57,18.22
11/21/2013,18.25,147164,18.52,18.52,18.21
11/20/2013,18.47,87405,18.86,18.86,18.2
11/19/2013,18.79,77715,18.59,18.97,18.52
11/18/2013,18.63,88817,19.51,19.51,18.51
11/15/2013,19.5,61857,19.05,19.55,19
11/14/2013,19.06,124969,19.3,19.3999,18.825
11/13/2013,19.24,50102,19.16,19.5,19.0004
11/12/2013,19.32,75966,19.37,19.59,18.9501
11/11/2013,19.42,33813,19.22,19.61,19.071
11/8/2013,19.3,67953,19.03,19.48,19
11/7/2013,19.18,77833,19.55,19.63,19.07
11/6/2013,19.53,274972,19.33,19.67,18.53
11/5/2013,19.66,105256,19.91,19.91,19.26
11/4/2013,20,53453,20.24,20.24,19.82
11/1/2013,20.19,58348,20.06,20.35,20.03
10/31/2013,20.09,152342,19.99,20.31,19.93
10/30/2013,20.05,72072,20.06,20.075,19.82
10/29/2013,20,49516,19.99,20.09,19.8
10/28/2013,19.98,92271,20.2,20.2,19.71
10/25/2013,20.18,59900,20.17,20.25,20.04
10/24/2013,20.08,98011,19.99,20.3,19.9
10/23/2013,20,48876,19.85,20,19.85
10/22/2013,19.97,56314,20.03,20.03,19.83
10/21/2013,20,78991,19.65,20,19.57
10/18/2013,19.68,62615,19.93,19.95,19.53
10/17/2013,19.75,91954,19.07,19.75,19.03
10/16/2013,19.17,65124,19.17,19.419,19.04
10/15/2013,19.06,75822,19.14,19.4,19
10/14/2013,19.2,80105,19.24,19.39,19.15
10/11/2013,19.42,81294,19.18,19.74,19.18
10/10/2013,19.31,153938,18.98,19.46,18.98
10/9/2013,18.74,88244,18.53,18.97,18.46
10/8/2013,18.53,93161,18.8,18.93,18.42
10/7/2013,18.75,104877,19.03,19.23,18.668
10/4/2013,19.28,31367,19.16,19.72,19.16
10/3/2013,19.22,43684,19.42,19.45,18.8901
10/2/2013,19.42,84279,19.75,19.81,19.32
10/1/2013,19.8,67535,19.42,19.82,19.35
9/30/2013,19.4,113124,18.85,19.5,18.77
9/27/2013,18.91,161798,18.71,19,18.71
9/26/2013,18.89,142423,18.72,19,18.67
9/25/2013,18.74,54080,18.78,18.92,18.65
9/24/2013,18.78,81904,18.83,18.86,18.63
9/23/2013,18.85,77103,18.7,18.92,18.641
9/20/2013,18.78,154393,19.03,19.12,18.748
9/19/2013,18.89,71377,18.84,19.04,18.73
9/18/2013,18.85,106017,18.785,19.04,18.65
9/17/2013,18.81,50842,18.75,18.98,18.6
9/16/2013,18.75,88802,19.04,19.04,18.7
9/13/2013,18.79,84439,18.9,19.08,18.69
9/12/2013,18.81,69336,18.75,18.95,18.72
9/11/2013,18.8,40821,18.775,18.89,18.73
9/10/2013,18.81,111400,18.83,18.92,18.71
9/9/2013,18.74,81128,18.94,18.95,18.35
9/6/2013,18.78,96715,17.84,18.8,17.39
9/5/2013,17.77,35401,17.67,17.85,17.45
9/4/2013,17.69,32236,17.7,17.8,17.32
9/3/2013,17.72,30978,17.87,17.88,17.6
8/30/2013,17.62,39436,17.66,17.7399,17.53
8/29/2013,17.65,43903,17.35,17.74,17.35
8/28/2013,17.36,61232,17.39,17.73,17.15
8/27/2013,17.44,60286,17.59,17.81,17.3315
8/26/2013,17.86,65255,17.87,17.98,17.71
8/23/2013,17.87,38194,18.32,18.42,17.79
8/22/2013,18.29,14151,18.11,18.3475,18.1
8/21/2013,18,36472,18.05,18.3,17.885
8/20/2013,18.19,39287,18.21,18.4,18.13
8/19/2013,18.25,35703,18.66,18.66,18.2
8/16/2013,18.66,63999,18.34,18.78,18.07
8/15/2013,18.48,36989,18.55,18.81,18.34
8/14/2013,18.89,62278,19.04,19.055,18.77
8/13/2013,18.96,182056,18.57,19.15,18.46
8/12/2013,18.6,48794,17.85,18.6,17.759
8/9/2013,18.01,82574,18.02,18.2,17.64
8/8/2013,17.99,42934,18.27,18.43,17.73
8/7/2013,18.02,61259,17.64,18.24,17.51
8/6/2013,17.7,68432,18.1,18.14,17.57
8/5/2013,18.01,60726,17.85,18.11,17.85
8/2/2013,17.9,107674,18.63,18.8,17.88
8/1/2013,18.78,51889,18.98,19.12,18.61
7/31/2013,18.76,57951,18.57,18.8899,18.26
7/30/2013,18.5,26057,18.68,18.68,18.29
7/29/2013,18.47,38817,18.53,18.77,18.35
7/26/2013,18.6,96779,19.1,19.18,18.52
7/25/2013,19.29,129892,18.37,19.32,18.31
7/24/2013,18.41,77511,18.91,18.93,18.38
7/23/2013,18.81,56631,18.85,18.93,18.73
7/22/2013,18.82,71546,18.72,18.97,18.51
7/19/2013,18.82,51448,19.11,19.26,18.76
7/18/2013,19.16,128061,18.85,19.32,18.74
7/17/2013,18.81,71698,19.15,19.24,18.67
7/16/2013,19.03,90298,18.88,19.367,18.88
7/15/2013,18.9,144105,18.65,19.3735,18.5475
7/12/2013,18.7,89341,18.8,19,18.56
7/11/2013,18.76,75585,18.8,18.85,18.45
7/10/2013,18.56,101207,18.35,18.65,18.1201
7/9/2013,18.3,106149,18.32,18.55,18.16
7/8/2013,18.12,70736,17.64,18.31,17.488
7/5/2013,17.6,71755,17.62,17.62,17.3
7/3/2013,17.4,44711,17.34,17.49,17.15
7/2/2013,17.43,63480,17.45,17.74,17.12
7/1/2013,17.45,45496,17.06,17.7,17.06
6/28/2013,16.95,530544,17.17,17.39,16.94
6/27/2013,17.22,78802,17.2,17.43,17.17
6/26/2013,16.98,121730,17.64,17.65,16.93
6/25/2013,17.45,75975,17.53,17.73,17.35
6/24/2013,17.2,150980,16.95,17.49,16.82
6/21/2013,17.2,123062,17.26,17.73,17.03
6/20/2013,17.14,191821,18.28,18.35,16.72
6/19/2013,18.61,46871,19.1,19.1,18.5745
6/18/2013,19.06,52613,18.98,19.19,18.62
6/17/2013,18.91,62461,18.92,19.14,18.6598
6/14/2013,18.71,129794,19.34,19.41,18.66
6/13/2013,19.27,88171,18.66,19.39,18.66
6/12/2013,18.75,88283,19.01,19.01,18.38
6/11/2013,18.73,48200,18.61,19.23,18.61
6/10/2013,18.86,77214,19.04,19.04,18.51
6/7/2013,19.04,139793,18.43,19.12,18.21
6/6/2013,18.23,101416,17.5,18.24,17.5
6/5/2013,17.54,80152,18.05,18.135,17.407
6/4/2013,18.14,87894,19.06,19.07,18.05
6/3/2013,18.96,108797,19.07,19.19,18.4701
5/31/2013,18.93,91406,19.41,19.43,18.91
5/30/2013,19.57,228723,20.25,20.45,19.28
5/29/2013,19.55,377584,18.19,19.6,18.19
5/28/2013,17.95,137849,17.35,18,17.35
5/24/2013,17.22,172712,16.48,17.23,15.12
5/23/2013,16.6,111659,16.47,16.7,16.251
5/22/2013,16.73,145542,17.57,17.63,16.63
5/21/2013,17.5,90252,17.53,17.65,17.46
5/20/2013,17.47,78148,17.5,17.74,17.4
5/17/2013,17.59,117538,17.53,17.76,17.45
5/16/2013,17.45,122726,17.42,17.8,17.4083
5/15/2013,17.42,76090,17.17,17.5,17.17
5/14/2013,17.25,177666,17.2,17.63,17.12
5/13/2013,17.2,131746,17.33,17.42,17.05
5/10/2013,17.33,66730,16.72,17.36,16.72
5/9/2013,16.83,85133,16.94,17.02,16.82
5/8/2013,17.07,142875,16.5,17.1,16.27
5/7/2013,17.15,106738,17.34,17.34,16.9
5/6/2013,17.13,91854,16.92,17.2699,16.841
5/3/2013,16.88,605884,16.9,17.1,16.55
5/2/2013,16.69,168461,16.86,16.97,16.59
5/1/2013,16.68,226616,17.41,17.41,16.6
4/30/2013,17.49,142598,17.4,17.65,17.21
4/29/2013,17.45,175869,17.55,17.81,17.25
4/26/2013,17.5,100510,17.92,17.95,17.45
4/25/2013,17.91,144010,17.59,18.34,17.59
4/24/2013,17.59,258722,18.19,18.3,17.56
4/23/2013,17.8,295075,16.89,17.95,16.6
4/22/2013,16.74,157651,16.84,17.0352,16.23
4/19/2013,16.84,136894,16.8,17.08,16.51
4/18/2013,16.78,132518,17.05,17.22,16.6
4/17/2013,17.07,199787,17.48,17.61,16.6145
4/16/2013,17.49,294827,17.47,17.93,17.31
4/15/2013,17.21,846419,19.83,19.83,17.11
4/12/2013,20.05,239384,21.38,21.38,19.93
4/11/2013,21.48,184013,21.72,22.08,21.36
4/10/2013,21.63,229600,21.62,22.32,21.62
4/9/2013,21.5,154719,21.22,21.75,21.22
4/8/2013,21.01,132916,20.97,21.21,20.85
4/5/2013,20.79,178773,21.03,21.3,20.6
4/4/2013,21.44,215566,20.43,21.5561,20.0601
4/3/2013,20.35,210853,21.65,21.65,20.21
4/2/2013,21.49,197079,21.54,21.649,21.31
4/1/2013,21.42,216259,21.58,21.74,21.31
3/28/2013,21.25,198304,21.35,21.5,21.1101
3/27/2013,21.12,217781,20.99,21.49,20.8101
3/26/2013,20.97,180448,20.93,21,20.66
3/25/2013,20.76,237140,20.46,20.87,20.3015
3/22/2013,20.15,199252,20.39,20.6,20.1
3/21/2013,20.38,216349,20.2,20.71,20.2
3/20/2013,20.52,212492,19.75,20.57,19.67
3/19/2013,19.61,188794,19.46,19.92,19.26
3/18/2013,19.42,245407,19.01,19.55,18.21
3/15/2013,19.25,445365,19.65,19.65,19.18
3/14/2013,19.61,248491,19.32,19.67,19
3/13/2013,19.33,131411,19.54,19.54,19.18
3/12/2013,19.4,174378,19.41,19.6165,19.27
3/11/2013,19.4,199169,19.54,19.74,19
3/8/2013,19.4,292850,20,20,19.21
3/7/2013,19.4,234916,19.2,19.79,19.12
3/6/2013,19.09,174415,19.11,19.2599,18.55
3/5/2013,18.91,191814,18.52,19.21,18.52
3/4/2013,18.35,178311,18.16,18.408,18.0201
3/1/2013,17.96,185237,18.05,18.23,17.8022
2/28/2013,18.2,141748,17.64,18.41,17.64
2/27/2013,17.62,205065,17.24,17.83,17.04
2/26/2013,16.99,195619,16.75,17.15,16.4
2/25/2013,16.45,151801,16.53,16.82,16.38
2/22/2013,16.33,104029,15.58,16.38,15.49
2/21/2013,15.39,64728,15.38,15.64,15
2/20/2013,15.41,151377,16.34,16.38,15.4
2/19/2013,16.28,234577,15.7,16.46,15.7
2/15/2013,15.67,83689,15.3,15.73,15.25
2/14/2013,15.24,37109,15.09,15.28,14.98
2/13/2013,15.18,52469,14.9,15.19,14.81
2/12/2013,14.81,49207,14.32,14.86,14.32
2/11/2013,14.35,48176,14.73,14.73,14.22
2/8/2013,14.72,28834,14.67,14.74,14.6003
2/7/2013,14.67,57615,14.69,14.74,14.51
2/6/2013,14.59,44946,14.19,14.8499,14.19
2/5/2013,14.24,46994,14.09,14.35,14
2/4/2013,13.95,49141,13.94,14.2698,13.85
2/1/2013,14.04,40551,14.09,14.25,13.95
1/31/2013,13.98,68727,13.87,14.08,13.65
1/30/2013,13.85,59354,14,14.1,13.75
1/29/2013,14.02,39522,13.57,14.03,13.5
1/28/2013,13.59,62200,13.64,13.72,13.4
1/25/2013,13.66,58897,13.67,13.724,13.1042
1/24/2013,13.66,70165,14.4,14.4,13.31
1/23/2013,14.33,42908,13.85,14.57,13.85
1/22/2013,13.96,37782,13.88,13.97,13.59
1/18/2013,13.85,49134,13.1,13.96,13.1
1/17/2013,13.15,47151,13.09,13.25,13.04
1/16/2013,13.07,18386,13.08,13.1,12.9601
1/15/2013,13.08,23172,12.95,13.1,12.89
1/14/2013,13.06,51844,12.88,13.15,12.88
1/11/2013,12.9,20285,12.99,13.05,12.9
1/10/2013,12.98,16975,13.08,13.088,12.95
1/9/2013,12.92,36977,13,13.2446,12.9
1/8/2013,13,31675,13.05,13.25,12.96
1/7/2013,13.05,33288,13.15,13.22,13
1/4/2013,13.22,54792,12.99,13.25,12.4842
1/3/2013,12.9,105931,13.55,13.59,12.87
1/2/2013,13.45,208069,11.91,13.52,11.9
12/31/2012,11.87,62893,11.65,11.89,11.48
12/28/2012,11.65,40313,11.5,11.85,11.5
12/27/2012,11.53,24862,11.39,11.56,11.38
12/26/2012,11.43,34132,11.48,11.62,11.33
12/24/2012,11.52,20912,11.52,11.52,11.5
12/21/2012,11.56,121821,11.75,11.8085,11.46
12/20/2012,11.87,42539,11.86,11.9,11.3515
12/19/2012,11.91,32085,11.92,11.99,11.851
12/18/2012,11.79,28677,11.49,11.8,11.46
12/17/2012,11.5,46152,11.47,11.5,11.43
12/14/2012,11.42,26765,11.21,11.42,11.19
12/13/2012,11.24,49289,11.28,11.36,11.11
12/12/2012,11.29,22237,11.36,11.44,11.28
12/11/2012,11.35,85455,11.2,11.39,11.1
12/10/2012,11.19,37150,11.13,11.2,11.07
12/7/2012,11.14,16852,11.18,11.18,11.0103
12/6/2012,11.12,41311,11.1,11.12,11
12/5/2012,11.07,34019,11.18,11.19,11.06
12/4/2012,11.17,14711,11.16,11.2,10.99
12/3/2012,11.14,47659,11.22,11.2299,10.77
11/30/2012,11.11,31390,11.15,11.15,10.9
11/29/2012,11.11,37277,10.97,11.19,10.6115
11/28/2012,10.88,43623,10.84,10.9,10.47
11/27/2012,10.86,64901,11.1,11.1254,10.83
11/26/2012,11.06,34736,11.21,11.22,11
11/23/2012,11.21,13346,11.2,11.26,11.12
11/21/2012,11.16,12428,11.09,11.2,11
11/20/2012,11.08,30036,11.22,11.22,10.67
11/19/2012,11.2,34710,11.04,11.2,10.92
11/16/2012,10.92,54770,10.58,10.98,10.57
11/15/2012,10.66,61718,10.72,10.85,10.62
11/14/2012,10.8,35004,10.95,11.07,10.73
11/13/2012,10.92,32159,10.85,11.08,10.77
11/12/2012,10.88,64130,10.95,11,10.78
11/9/2012,10.84,25813,10.85,10.87,10.715
11/8/2012,10.85,35118,11.02,11.32,10.85
11/7/2012,11.03,44593,11.42,11.42,11.02
11/6/2012,11.43,28152,11.27,11.44,11.14
11/5/2012,11.27,48601,10.99,11.4,10.86
11/2/2012,10.85,38366,11.22,11.22,10.83
11/1/2012,11.22,65998,10.71,11.41,10.59
10/31/2012,10.63,45671,10.56,10.87,10.5
10/26/2012,10.59,30348,10.94,10.94,10.5483
10/25/2012,10.97,30414,10.87,10.97,10.74
10/24/2012,10.78,90457,10.18,10.79,10.06
10/23/2012,10.13,26338,10.4,10.58,10.1
10/22/2012,10.43,70831,10.37,10.63,10.25
10/19/2012,9.97,49301,10.19,10.19,9.72
10/18/2012,10.27,18987,10.35,10.3572,10.15
10/17/2012,10.32,62836,9.94,10.33,9.74
10/16/2012,9.9,16186,9.89,9.92,9.77
10/15/2012,9.89,21379,9.74,9.89,9.67
10/12/2012,9.7,92892,9.65,9.79,9.6
10/11/2012,9.67,11764,9.59,9.7,9.5516
10/10/2012,9.51,23685,9.53,9.6,9.49
10/9/2012,9.49,13713,9.41,9.58,9.4
10/8/2012,9.41,80060,9.54,9.54,9.34
10/5/2012,9.54,23651,9.69,9.73,9.52
10/4/2012,9.64,46259,9.36,9.73,9.36
10/3/2012,9.28,83680,9.5,9.51,9.26
10/2/2012,9.52,18972,9.61,9.76,9.44
10/1/2012,9.55,33992,9.73,9.88,9.32
9/28/2012,9.67,26511,9.55,9.89,9.49
9/27/2012,9.57,54382,9.6,9.71,9.44
9/26/2012,9.59,29009,9.63,9.72,9.55
9/25/2012,9.58,43333,9.93,9.99,9.57
9/24/2012,9.9,43800,9.83,10.07,9.61
9/21/2012,9.82,66185,9.85,10.09,9.8
9/20/2012,9.82,24073,9.85,9.9,9.73
9/19/2012,9.86,32781,10.04,10.1,9.83
9/18/2012,10.08,65047,10.4,10.4,10.05
9/17/2012,10.38,90538,10.25,10.39,10.1201
9/14/2012,10.25,106478,10,10.33,9.9
9/13/2012,9.95,80136,9.59,9.98,9.59
9/12/2012,9.58,109155,9.61,9.76,9.5
9/11/2012,9.63,118904,9.48,9.69,9.46
9/10/2012,9.51,78638,9.41,9.6,9.36
9/7/2012,9.27,46516,9.36,9.4,9.23
9/6/2012,9.36,70818,9.05,9.36,9.05
9/5/2012,9.18,57525,9.32,9.41,9.11
9/4/2012,9.33,90638,9.05,9.4,9.0001
8/31/2012,9.04,57064,8.88,9.04,8.88
8/30/2012,8.85,65332,8.8,9.25,8.8
8/29/2012,8.84,63575,8.75,8.87,8.75
8/28/2012,8.78,18993,8.64,8.78,8.56
8/27/2012,8.61,48260,8.5,8.66,8.46
8/24/2012,8.5,17304,8.51,8.58,8.45
8/23/2012,8.53,33159,8.8,8.8,8.47
8/22/2012,8.83,20764,8.95,9,8.805
8/21/2012,8.95,52258,8.83,9.11,8.71
8/20/2012,8.85,16068,8.78,8.85,8.78
8/17/2012,8.83,59833,8.81,8.85,8.69
8/16/2012,8.85,41016,8.87,8.87,8.79
8/15/2012,8.85,54456,8.85,8.9399,8.64
8/14/2012,8.9,79620,8.83,8.94,8.75
8/13/2012,8.83,73307,8.7,8.84,8.6201
8/10/2012,8.69,39432,8.59,8.75,8.59
8/9/2012,8.59,36734,8.44,8.61,8.437
8/8/2012,8.5,43651,8.19,8.5,8.17
8/7/2012,8.19,69187,8.03,8.25,7.96
8/6/2012,7.96,27539,8.02,8.06,7.84
8/3/2012,7.99,41403,7.66,8.07,7.65
8/2/2012,7.76,35046,7.87,7.93,7.69
8/1/2012,7.95,32032,8.06,8.14,7.95
7/31/2012,8.08,51506,8.08,8.14,7.97
7/30/2012,8.1,67083,8.32,8.32,8.01
7/27/2012,8.29,35588,7.87,8.3,7.7847
7/26/2012,7.88,25086,7.87,7.91,7.75
7/25/2012,7.79,36445,8,8,7.72
7/24/2012,7.99,39647,8.24,8.24,7.99
7/23/2012,8.23,40761,8.51,8.51,8.03
7/20/2012,8.6,57801,8.65,8.77,8.59
7/19/2012,8.72,42643,8.74,8.77,8.69
7/18/2012,8.75,43015,8.77,8.77,8.68
7/17/2012,8.74,52851,8.75,8.77,8.6101
7/16/2012,8.71,57182,8.67,8.79,8.6
7/13/2012,8.75,67344,8.66,8.87,8.62
7/12/2012,8.68,61485,8.62,8.7,8.47
7/11/2012,8.67,97922,8.7,8.74,8.5601
7/10/2012,8.74,55468,8.72,8.75,8.65
7/9/2012,8.68,55692,8.56,8.74,8.45
7/6/2012,8.56,26129,8.51,8.59,8.51
7/5/2012,8.59,20743,8.52,8.59,8.48
7/3/2012,8.5,27447,8.31,8.55,8.31
7/2/2012,8.34,77354,8.32,8.39,8.27
6/29/2012,8.32,62042,8.16,8.44,8.14
6/28/2012,8.03,68430,8,8.1,7.97
6/27/2012,8.05,88744,8.03,8.05,7.94
6/26/2012,8.01,60291,7.96,8.05,7.85
6/25/2012,7.97,92900,8.09,8.18,7.92
6/22/2012,8.16,1842632,8.35,8.59,7.85
6/21/2012,8.29,99212,8.32,8.36,8.17
6/20/2012,8.38,96026,8,8.44,7.89
6/19/2012,8.08,117806,7.6,8.09,7.511
6/18/2012,7.6,78163,7.39,7.7,7.38
6/15/2012,7.46,43221,7.31,7.48,7.2
6/14/2012,7.44,42942,7.28,7.5,7.16
6/13/2012,7.37,26641,7.25,7.37,7.15
6/12/2012,7.22,29470,7.25,7.3,7.21
6/11/2012,7.23,31592,7.45,7.5,7.15
6/8/2012,7.41,31358,7.33,7.45,7.29
6/7/2012,7.28,13502,7.29,7.41,7.23
6/6/2012,7.22,4155,7.1,7.27,7.1
6/5/2012,7.1,19243,7.38,7.38,7.1
6/4/2012,7.35,29791,7.33,7.4099,7.238
6/1/2012,7.4,62111,7.28,7.4,7.08
5/31/2012,7.32,22291,7.24,7.4,7.21
5/30/2012,7.19,26243,7.3,7.3,7.18
5/29/2012,7.3,10831,7.25,7.42,7.25
5/25/2012,7.25,10250,7.29,7.35,7.18
5/24/2012,7.23,20075,7.21,7.35,7.15
5/23/2012,7.24,31100,7.21,7.27,7.15
5/22/2012,7.27,25796,7.2,7.34,7.15
5/21/2012,7.16,24360,7.26,7.26,7.1248
5/18/2012,7.26,26657,7.31,7.42,7.17
5/17/2012,7.22,48849,7.37,7.37,6.91
5/16/2012,7.46,12387,7.52,7.53,7.36
5/15/2012,7.55,8859,7.55,7.6,7.51
5/14/2012,7.6,15976,7.51,7.6,7.4901
5/11/2012,7.55,34879,7.57,7.63,7.461
5/10/2012,7.57,35168,7.61,7.72,7.51
5/9/2012,7.55,30002,7.46,7.58,7.42
5/8/2012,7.49,29967,7.5,7.53,7.46
5/7/2012,7.49,29845,7.5,7.605,7.46
5/4/2012,7.5,29923,7.45,7.59,7.42
5/3/2012,7.47,48716,7.54,7.6,7.46
5/2/2012,7.51,102692,7.55,7.65,7.5
5/1/2012,7.5,35486,7.5,7.52,7.47
4/30/2012,7.5,24644,7.45,7.5,7.44
4/27/2012,7.43,55341,7.55,7.58,7.4
4/26/2012,7.5,30879,7.63,7.64,7.45
4/25/2012,7.6,68116,7.51,7.76,7.415
4/24/2012,7.52,32430,7.4,7.52,7.4
4/23/2012,7.42,19300,7.51,7.51,7.41
4/20/2012,7.51,17255,7.5,7.54,7.46
4/19/2012,7.5,36329,7.45,7.5,7.343
4/18/2012,7.5,27494,7.47,7.5,7.39
4/17/2012,7.47,31488,7.36,7.5,7.34
4/16/2012,7.44,25327,7.3601,7.45,7.3401
4/13/2012,7.39,31100,7.36,7.43,7.35
4/12/2012,7.41,46996,7.39,7.47,7.24
4/11/2012,7.44,25000,7.23,7.46,7.2
4/10/2012,7.25,27462,7.35,7.47,7.15
4/9/2012,7.4,17252,7.42,7.46,7.27
4/5/2012,7.5,14458,7.43,7.5,7.4
4/4/2012,7.5,43361,7.4,7.5,7.15
4/3/2012,7.48,28663,7.49,7.5,7.4
4/2/2012,7.46,34951,7.51,7.57,7.43
3/30/2012,7.55,26048,7.59,7.59,7.422
3/29/2012,7.51,56937,7.33,7.569,7.29
3/28/2012,7.29,51086,7.27,7.39,7.1
3/27/2012,7.28,97560,7.36,7.45,7.1
3/26/2012,7.3,48262,6.79,7.37,6.77
3/23/2012,6.76,48709,6.53,6.79,6.4101
3/22/2012,6.57,35759,6.34,6.57,6.34
3/21/2012,6.3,57411,6.2,6.34,6.17
3/20/2012,6.2,39207,6.02,6.2,6
3/19/2012,6.03,38126,6,6.131,6
3/16/2012,6.03,34479,6.1,6.14,6.03
3/15/2012,6.13,34585,6.12,6.17,6.06
3/14/2012,6.15,25223,6.17,6.17,6.11
3/13/2012,6.16,42651,6.05,6.21,6.05
3/12/2012,6.07,31453,6,6.13,5.98
3/9/2012,5.96,70454,5.96,6.14,5.95
3/8/2012,5.96,30885,5.99,6,5.9
3/7/2012,5.95,25125,5.89,5.97,5.86
3/6/2012,5.85,88939,5.83,5.921,5.83
3/5/2012,5.94,59677,5.8801,5.9801,5.85
3/2/2012,5.92,56734,5.86,5.95,5.85
3/1/2012,5.89,104156,5.95,5.99,5.87
2/29/2012,5.99,59696,5.94,6,5.93
2/28/2012,5.95,78693,5.85,5.95,5.85
2/27/2012,5.88,103359,5.9,5.92,5.85
2/24/2012,5.9,84258,5.95,5.9501,5.89
2/23/2012,5.95,48207,5.98,6.01,5.9
2/22/2012,6,53764,5.95,6.03,5.9
2/21/2012,5.98,15603,6.01,6.01,5.95
2/17/2012,6.01,93726,6.01,6.05,5.981
2/16/2012,6,61625,5.94,6.001,5.87
2/15/2012,6,13247,6,6.03,5.921
2/14/2012,6,15331,5.91,6.04,5.909
2/13/2012,5.99,8123,5.92,6,5.92
2/10/2012,5.93,45557,5.97,6.02,5.93
2/9/2012,5.94,24771,5.87,6,5.851
2/8/2012,5.97,17551,5.9,5.98,5.82
2/7/2012,5.94,16991,5.94,5.98,5.8
2/6/2012,5.93,19116,5.8,5.95,5.75
2/3/2012,5.78,17352,5.94,5.94,5.71
2/2/2012,5.8,66228,5.8,5.89,5.75
2/1/2012,5.86,74372,5.8,5.96,5.61
1/31/2012,5.73,15194,5.77,5.85,5.651
1/30/2012,5.61,15723,5.79,5.84,5.61
1/27/2012,5.72,8983,5.93,5.9301,5.72
1/26/2012,5.89,6835,5.92,5.99,5.88
1/25/2012,5.95,13022,6,6.01,5.83
1/24/2012,5.9508,10100,5.93,5.9801,5.93
1/23/2012,5.95,6656,5.85,5.95,5.76
1/20/2012,5.923,5615,5.85,5.923,5.85
1/19/2012,5.95,4000,5.97,5.97,5.83
1/18/2012,5.9,16596,5.8,5.9,5.8
1/17/2012,5.84,5756,5.73,5.879,5.7
1/13/2012,5.76,36381,5.84,5.9,5.68
1/12/2012,5.9,12305,6,6.01,5.9
1/11/2012,5.95,27812,5.87,6.04,5.71
1/10/2012,5.95,36560,5.88,6,5.71
1/9/2012,5.92,33767,5.7,5.99,5.7
1/6/2012,5.7,9700,5.67,5.7,5.67
1/5/2012,5.6001,17271,5.5,5.7,5.5
1/4/2012,5.52,22994,5.47,5.59,5.4
1/3/2012,5.51,20715,5.67,5.67,5.45
12/30/2011,5.6,50563,5.6,5.7,5.51
12/29/2011,5.6,20735,5.72,5.76,5.55
12/28/2011,5.68,16466,5.66,5.73,5.55
12/27/2011,5.7,17041,5.57,5.7101,5.57
12/23/2011,5.66,10982,5.75,5.77,5.66
12/22/2011,5.76,38313,5.86,5.9,5.7
12/21/2011,5.91,10685,5.78,5.94,5.78
12/20/2011,5.825,25547,5.87,5.92,5.58
12/19/2011,5.88,33724,5.68,5.88,5.65
12/16/2011,5.63,48266,5.5,5.86,5.5
12/15/2011,5.56,44744,5.49,5.82,5.12
12/14/2011,5.48,34760,5.4,5.54,5.4
12/13/2011,5.4,8422,5.4,5.45,5.4
12/12/2011,5.45,8470,5.54,5.56,5.45
12/9/2011,5.535,5271,5.55,5.59,5.5
12/8/2011,5.5,10413,5.63,5.6802,5.5
12/7/2011,5.64,8880,5.55,5.68,5.55
12/6/2011,5.59,10701,5.68,5.7,5.59
12/5/2011,5.7,17429,5.76,5.76,5.6
12/2/2011,5.75,40710,5.85,5.9,5.75
12/1/2011,5.82,18308,5.86,5.86,5.78
11/30/2011,5.83,26038,6.02,6.04,5.81
11/29/2011,5.92,10438,5.85,5.95,5.85
11/28/2011,5.8,15453,5.68,5.89,5.67
11/25/2011,5.68,900,5.7856,5.7856,5.68
11/23/2011,5.77,20946,5.8,5.8,5.73
11/22/2011,5.81,20904,5.7,5.89,5.7
11/21/2011,5.75,48154,5.65,5.84,5.611
11/18/2011,5.75,21721,5.91,5.91,5.75
11/17/2011,5.8,37603,5.78,5.9201,5.73
11/16/2011,5.74,12394,5.6,5.75,5.6
11/15/2011,5.69,21533,5.72,5.8,5.64
11/14/2011,5.78,17848,5.84,5.85,5.71
11/11/2011,5.85,11953,5.84,5.96,5.7001
11/10/2011,5.75,28078,5.78,5.88,5.7
11/9/2011,5.8,9754,5.7,5.8145,5.7
11/8/2011,5.83,45307,5.93,6,5.73
11/7/2011,5.92,4829,5.9,6.05,5.9
11/4/2011,5.99,63701,5.99,6.02,5.89
11/3/2011,5.99,21414,5.99,6.15,5.81
11/2/2011,5.99,3621,6.07,6.08,5.96
11/1/2011,6.08,25524,5.88,6.08,5.81
10/31/2011,5.96,26357,5.98,6.02,5.64
10/28/2011,6.129,9937,6.12,6.16,6.0835
10/27/2011,6.08,27909,6.2,6.3,6.0348
10/26/2011,6.0599,32539,6.1,6.12,6.01
10/25/2011,6.06,8994,6.1,6.1,6.0232
10/24/2011,6.11,4939,6.13,6.143,6.01
10/21/2011,6.13,9599,6.04,6.14,6.04
10/20/2011,6.04,3951,6.04,6.0645,6
10/19/2011,6.01,7592,6,6.04,5.99
10/18/2011,6,13484,5.99,6.11,5.975
10/17/2011,6.03,16857,6.02,6.1001,6
10/14/2011,6.1,25594,6.27,6.33,6.09
10/13/2011,6.2,23216,6.184,6.24,6.11
10/12/2011,6.12,18789,6,6.2,6
10/11/2011,6.05,20115,5.92,6.05,5.92
10/10/2011,6.03,12306,6,6.2,5.9946
10/7/2011,5.97,16663,5.95,6,5.81
10/6/2011,5.99,44653,5.89,6.01,5.89
10/5/2011,5.94,16879,5.63,5.9899,5.63
10/4/2011,5.62,50046,5.66,5.66,5.41
10/3/2011,5.68,33158,6.25,6.25,5.68
9/30/2011,5.9174,24946,5.67,6.03,5.65
9/29/2011,5.7,19197,5.78,5.8,5.7
9/28/2011,5.8,16418,5.83,5.83,5.64
9/27/2011,5.86,20660,5.75,5.9,5.7
9/26/2011,5.61,18117,5.78,5.78,5.61
9/23/2011,5.59,9300,5.83,5.88,5.58
9/22/2011,5.71,19300,5.89,5.99,5.7
9/21/2011,5.98,21833,5.93,6.05,5.83
9/20/2011,6,17907,6.06,6.06,5.94
9/19/2011,6.07,6339,6,6.14,5.871
9/16/2011,6.12,20961,5.96,6.12,5.93
9/15/2011,5.965,15968,5.9,6.02,5.83
9/14/2011,5.78,6082,5.75,5.9,5.75
9/13/2011,5.81,11347,5.69,5.84,5.65
9/12/2011,5.68,17405,5.65,5.79,5.65
9/9/2011,5.69,10982,5.84,5.95,5.67
9/8/2011,5.8,22497,5.9,6.0501,5.7408
9/7/2011,6,18608,5.75,6.05,5.61
9/6/2011,5.71,4821,5.6,5.75,5.56
9/2/2011,5.63,23461,5.71,5.9,5.592
9/1/2011,5.72,22283,5.78,5.911,5.54
8/31/2011,5.75,10409,5.8,5.95,5.75
8/30/2011,5.8,5390,5.63,5.84,5.63
8/29/2011,5.63,10498,5.41,5.96,5.41
8/26/2011,5.4,20383,5.32,5.45,5.31
8/25/2011,5.24,1379,5.41,5.419,5.24
8/24/2011,5.4,9569,5.28,5.4,5.2
8/23/2011,5.34,6585,5.13,5.35,5.13
8/22/2011,5.12,30759,5.29,5.32,5.09
8/19/2011,5.23,16590,5.22,5.3,5.11
8/18/2011,5.22,4059,5.14,5.22,5.09
8/17/2011,5.16,24675,5.31,5.31,5.14
8/16/2011,5.26,47008,5.38,5.51,5.18
8/15/2011,5.38,17898,5.23,5.44,5.23
8/12/2011,5.23,14796,5.2,5.2804,5.13
8/11/2011,5.16,18190,5.19,5.26,5.15
8/10/2011,5.21,13049,5.3,5.44,5.15
8/9/2011,5.29,32824,5.26,5.48,5.05
8/8/2011,5.23,70038,5.4,5.4,5.21
8/5/2011,5.45,27966,5.41,5.49,5.38
8/4/2011,5.4,41880,5.5,5.69,5.28
8/3/2011,5.53,12172,5.6,5.6,5.52
8/2/2011,5.53,23471,5.77,5.87,5.51
8/1/2011,5.678,31143,5.69,5.89,5.62
7/29/2011,5.705,19912,5.63,5.82,5.62
7/28/2011,5.63,26040,5.7,5.77,5.62
7/27/2011,5.74,17670,5.91,5.92,5.67
7/26/2011,5.91,13586,5.99,5.99,5.84
7/25/2011,6,24428,5.99,6.0599,5.8676
7/22/2011,5.99,35884,5.99,6.06,5.9308
7/21/2011,5.97,36046,5.68,5.99,5.68
7/20/2011,5.68,21664,5.67,5.7,5.6
7/19/2011,5.67,45655,5.23,5.67,5.23
7/18/2011,5.62,8917,5.61,5.69,5.6008
7/15/2011,5.61,5741,5.75,5.75,5.59
7/14/2011,5.66,11780,5.73,5.77,5.63
7/13/2011,5.72,19254,5.68,5.76,5.62
7/12/2011,5.59,9082,5.6,5.66,5.59
7/11/2011,5.62,6262,5.66,5.69,5.6
7/8/2011,5.67,1655,5.74,5.74,5.67
7/7/2011,5.75,9867,5.66,5.79,5.66
7/6/2011,5.677,5195,5.66,5.68,5.66
7/5/2011,5.68,14070,5.74,5.74,5.6
7/1/2011,5.7,47425,5.67,5.7,5.59
6/30/2011,5.6601,13471,5.6,5.69,5.6
6/29/2011,5.62,16561,5.51,5.67,5.51
6/28/2011,5.5,10605,5.49,5.64,5.49
6/27/2011,5.4801,10982,5.43,5.52,5.42
6/24/2011,5.48,18595,5.63,5.69,5.42
6/23/2011,5.61,18871,5.59,5.68,5.42
6/22/2011,5.68,4453,5.61,5.69,5.55
6/21/2011,5.63,13963,5.5401,5.75,5.52
6/20/2011,5.5301,16171,5.55,5.63,5.5301
6/17/2011,5.61,18880,5.85,5.92,5.61
6/16/2011,5.78,26156,5.75,6.01,5.73
6/15/2011,5.79,17386,5.68,5.79,5.58
6/14/2011,5.68,13111,5.57,5.68,5.56
6/13/2011,5.56,49067,5.45,5.56,5.44
6/10/2011,5.4899,27309,5.49,5.5,5.42
6/9/2011,5.47,14246,5.46,5.5,5.46
6/8/2011,5.5,25037,5.61,5.61,5.44
6/7/2011,5.53,12637,5.45,5.62,5.44
6/6/2011,5.486,50776,5.6,5.62,5.42
6/3/2011,5.64,8474,5.72,5.731,5.61
6/2/2011,5.74,38030,5.9,5.9,5.72
6/1/2011,5.97,15632,5.94,5.97,5.8
5/31/2011,5.93,32689,6.07,6.07,5.91
5/27/2011,5.97,15869,5.99,6.05,5.9
5/26/2011,6.02,16683,6.015,6.11,6
5/25/2011,6.03,20014,6.1,6.111,6
5/24/2011,6.13,9184,6.25,6.25,6.13
5/23/2011,6.22,13955,6.24,6.246,6.15
5/20/2011,6.14,2814,6.13,6.1665,6.13
5/19/2011,6.17,29592,5.99,6.17,5.99
5/18/2011,5.95,13422,5.91,5.97,5.8436
5/17/2011,5.88,15540,5.87,5.97,5.87
5/16/2011,5.95,12574,5.99,5.998,5.88
5/13/2011,5.991,29526,6.17,6.18,5.98
5/12/2011,6.17,4542,6.1201,6.18,6.1201
5/11/2011,6.12,10349,6.28,6.28,6.0401
5/10/2011,6.27,54900,6.46,6.46,5.75
5/9/2011,6.45,39823,6.43,6.53,6.1
5/6/2011,6.37,42720,6.39,6.44,5.75
5/5/2011,6.1,67288,6.5,6.57,5.93
5/4/2011,6.5099,45248,6.41,6.5099,6.41
5/3/2011,6.35,13580,6.48,6.49,6.3
5/2/2011,6.42,16863,6.42,6.49,6.4
4/29/2011,6.4,13425,6.4,6.46,6.35
4/28/2011,6.37,56791,6.18,6.37,6.15
4/27/2011,6.15,1400,6.14,6.15,6.1144
4/26/2011,6.08,37460,6.11,6.18,6.08
4/25/2011,6.06,13877,6.12,6.13,6.06
4/21/2011,6.11,12097,6.09,6.13,6.05
4/20/2011,6.01,18094,5.9,6.07,5.9
4/19/2011,5.94,29519,5.94,6,5.92
4/18/2011,5.97,7912,6.01,6.01,5.9218
4/15/2011,5.97,44505,5.83,6.04,5.78
4/14/2011,5.75,14205,5.88,5.88,5.75
4/13/2011,5.92,4862,5.92,5.92,5.8799
4/12/2011,5.85,24158,5.91,5.96,5.83
4/11/2011,5.86,59694,5.76,6.14,5.76
4/8/2011,5.76,9478,5.81,5.85,5.76
4/7/2011,5.75,15790,5.87,5.87,5.75
4/6/2011,5.84,67857,5.61,5.939,5.55
4/5/2011,5.4801,13436,5.48,5.521,5.46
4/4/2011,5.54,27525,5.5,5.6,5.5
4/1/2011,5.47,15274,5.51,5.53,5.41
3/31/2011,5.51,16301,5.39,5.59,5.38
3/30/2011,5.38,21207,5.45,5.51,5.32
3/29/2011,5.45,14407,5.34,5.45,5.32
3/28/2011,5.42,42448,5.55,5.55,5.4
3/25/2011,5.57,13054,5.58,5.6288,5.54
3/24/2011,5.536,14538,5.4,5.64,5.4
3/23/2011,5.4,7386,5.37,5.43,5.36
3/22/2011,5.36,20690,5.49,5.5301,5.33
3/21/2011,5.49,28120,5.47,5.66,5.47
3/18/2011,5.52,37427,5.5,5.52,5.33
3/17/2011,5.5,48157,5.79,5.79,5.5
3/16/2011,5.67,14634,5.75,5.76,5.65
3/15/2011,5.76,18385,5.7,5.77,5.6499
3/14/2011,5.78,49265,5.75,5.89,5.61
3/11/2011,5.61,14935,5.78,5.78,5.52
3/10/2011,5.74,13530,5.88,5.88,5.66
3/9/2011,5.83,9590,5.87,5.87,5.78
3/8/2011,5.77,3300,5.72,5.81,5.72
3/7/2011,5.73,20543,5.88,5.88,5.73
3/4/2011,5.85,27609,5.79,5.92,5.58
3/3/2011,5.84,20988,5.67,5.91,5.67
3/2/2011,5.66,10462,5.77,5.88,5.66
3/1/2011,5.76,31796,5.63,5.98,5.61
2/28/2011,5.7,45674,5.69,5.83,5.52
2/25/2011,5.65,48408,5.51,5.65,5.28
2/24/2011,5.33,15617,5.54,5.54,5.27
2/23/2011,5.26,64641,5.5,5.59,5.11
2/22/2011,5.51,40853,5.52,5.62,5.5
2/18/2011,5.54,43957,5.75,5.84,5.53
2/17/2011,5.76,43893,5.69,5.87,5.68
2/16/2011,5.6501,24560,5.6,5.84,5.6
2/15/2011,5.59,34235,5.69,5.91,5.5501
2/14/2011,5.66,47482,5.62,5.79,5.62
2/11/2011,5.63,17794,5.63,5.7,5.56
2/10/2011,5.58,62058,5.24,5.61,5.23
2/9/2011,5.2,16109,5.12,5.4,5.12
2/8/2011,5.1101,17564,5.29,5.29,5.11
2/7/2011,5.24,16109,5.24,5.28,5.2
2/4/2011,5.2,7125,5.21,5.21,5.12
2/3/2011,5.23,12107,5.27,5.29,5.16
2/2/2011,5.24,31836,5.16,5.24,5.13
2/1/2011,5.16,25184,5.17,5.19,5.11
1/31/2011,5.1,37860,5.07,5.18,5.03
1/28/2011,5.02,26245,4.98,5.04,4.98
1/27/2011,4.96,12718,5,5.04,4.96
1/26/2011,4.98,6664,5.03,5.04,4.98
1/25/2011,4.99,28021,4.98,5.03,4.95
1/24/2011,4.98,23392,4.99,5.04,4.93
1/21/2011,4.9336,14589,4.95,4.98,4.93
1/20/2011,4.93,6444,4.95,4.95,4.9
1/19/2011,4.91,9824,4.9,4.96,4.9
1/18/2011,5.0138,21341,5.08,5.08,4.98
1/14/2011,4.94,15028,4.88,4.94,4.88
1/13/2011,4.88,4547,4.88,4.89,4.81
1/12/2011,4.8899,6400,4.85,4.89,4.75
1/11/2011,4.83,13191,4.8901,4.9226,4.81
1/10/2011,4.89,11909,4.98,4.98,4.87
1/7/2011,4.85,17435,4.91,4.92,4.85
1/6/2011,4.9,15577,4.94,4.95,4.9
1/5/2011,4.99,19663,5.05,5.1399,4.9301
1/4/2011,5.11,61306,4.9,5.13,4.88
1/3/2011,4.83,70376,4.9,4.9,4.62
12/31/2010,4.85,56610,4.84,4.85,4.65
12/30/2010,4.87,5321,4.84,4.899,4.8
12/29/2010,4.8,13257,4.9,4.907,4.78
12/28/2010,4.89,10350,4.92,4.99,4.88
12/27/2010,4.93,10969,4.93,4.94,4.82
12/23/2010,4.93,3849,4.98,4.98,4.92
12/22/2010,4.94,17586,4.95,4.99,4.92
12/21/2010,4.89,18199,4.79,4.9,4.75
12/20/2010,4.84,29897,4.84,4.93,4.8
12/17/2010,4.74,16600,4.76,4.8399,4.7
12/16/2010,4.72,24724,4.8,4.8,4.7
12/15/2010,4.7,4150,4.77,4.77,4.67
12/14/2010,4.76,37453,4.72,4.76,4.65
12/13/2010,4.74,12846,4.77,4.77,4.7
12/10/2010,4.7,45151,4.71,4.83,4.68
12/9/2010,4.71,9714,4.7,4.74,4.68
12/8/2010,4.7,36519,4.71,4.75,4.65
12/7/2010,4.74,27699,4.8,4.83,4.72
12/6/2010,4.8299,17874,4.86,4.87,4.72
12/3/2010,4.8,24706,4.8,4.8,4.71
12/2/2010,4.79,38878,4.69,4.8,4.57
12/1/2010,4.67,179641,4.71,4.74,4.58
11/30/2010,4.7,15757,4.74,4.79,4.64
11/29/2010,4.74,56366,4.81,4.81,4.5
11/26/2010,4.81,37948,5,5,4.7
11/24/2010,4.94,11002,4.94,5.02,4.94
11/23/2010,4.96,28828,5.04,5.04,4.85
11/22/2010,5.1,17510,5.12,5.22,5.07
11/19/2010,5.07,55375,5.16,5.16,5.0108
11/18/2010,5.14,13557,5.25,5.27,5.08
11/17/2010,5.13,2287,5.09,5.14,5.09
11/16/2010,5.12,33464,5.18,5.24,5.05
11/15/2010,5.17,14787,5.13,5.19,5.11
11/12/2010,5.09,58698,5.02,5.09,4.9801
11/11/2010,5.07,23060,5.1,5.14,4.98
11/10/2010,5.1,21335,5.1,5.1,5
11/9/2010,5.08,19293,5.24,5.27,5.08
11/8/2010,5.25,15182,5.27,5.31,5.22
11/5/2010,5.27,45667,5.25,5.29,5.21
11/4/2010,5.16,24946,5.23,5.23,5.14
11/3/2010,5.2,3628,5.24,5.26,5.16
11/2/2010,5.17,3191,5.23,5.27,5.17
11/1/2010,5.23,10722,5.26,5.34,5.11
10/29/2010,5.25,32373,5.3,5.49,5.21
10/28/2010,5.35,63518,5.25,5.43,5.22
10/27/2010,5.182,11437,5.15,5.25,5.1
10/26/2010,5.21,93834,5.2,5.2599,5.08
10/25/2010,5.25,24289,5.11,5.25,5.07
10/22/2010,5.21,25159,5.14,5.21,5
10/21/2010,5.1501,19640,5.16,5.19,5.03
10/20/2010,5.19,20246,5.05,5.25,5.05
10/19/2010,5,24292,4.9,5,4.9
10/18/2010,5,30540,5.09,5.18,4.9056
10/15/2010,5.21,11640,5.2,5.25,5.15
10/14/2010,5.22,64144,5.19,5.24,5.12
10/13/2010,5.19,13708,5.15,5.22,5.08
10/12/2010,5.17,23776,5.23,5.24,5.11
10/11/2010,5.22,36323,5.02,5.22,5
10/8/2010,5,8772,5.05,5.06,5
10/7/2010,5.06,9750,5.07,5.07,4.94
10/6/2010,5.09,16686,5.07,5.1,5.06
10/5/2010,5.06,14550,5,5.09,5
10/4/2010,5,13808,5.1,5.1,5
10/1/2010,5.04,11513,5.07,5.1,5.02
9/30/2010,5.01,60175,4.75,5.07,4.75
9/29/2010,4.77,17928,4.9,4.9,4.77
9/28/2010,4.9,6069,4.85,4.91,4.84
9/27/2010,4.86,17146,4.85,4.86,4.8
9/24/2010,4.86,20480,4.81,4.88,4.7999
9/23/2010,4.81,23266,4.8,4.87,4.8
9/22/2010,4.84,26237,4.88,4.88,4.81
9/21/2010,4.85,23498,4.91,4.9159,4.74
9/20/2010,4.9,37247,4.84,4.9,4.71
9/17/2010,4.76,20805,4.8,4.8,4.74
9/16/2010,4.67,4599,4.75,4.75,4.63
9/15/2010,4.74,6229,4.67,4.74,4.67
9/14/2010,4.66,3900,4.7,4.72,4.56
9/13/2010,4.67,12782,4.69,4.72,4.51
9/10/2010,4.62,24359,4.72,4.75,4.5
9/9/2010,4.79,16560,4.81,4.84,4.75
9/8/2010,4.74,11426,4.72,4.81,4.68
9/7/2010,4.6601,11783,4.63,4.73,4.63
9/3/2010,4.63,7767,4.66,4.73,4.6
9/2/2010,4.63,13539,4.7,4.75,4.59
9/1/2010,4.66,14751,4.6,4.71,4.57
8/31/2010,4.5,6622,4.54,4.6,4.5
8/30/2010,4.55,12444,4.6,4.62,4.55
8/27/2010,4.57,19208,4.47,4.63,4.47
8/26/2010,4.5,12400,4.51,4.57,4.42
8/25/2010,4.5,9448,4.5,4.55,4.47
8/24/2010,4.5,26338,4.5,4.57,4.39
8/23/2010,4.5,30329,4.56,4.58,4.4899
8/20/2010,4.5,48795,4.67,4.67,4.26
8/19/2010,4.55,19019,4.74,4.74,4.51
8/18/2010,4.65,31656,4.59,4.74,4.55
8/17/2010,4.57,7988,4.58,4.59,4.53
8/16/2010,4.54,23923,4.45,4.58,4.45
8/13/2010,4.516,15650,4.5,4.57,4.48
8/12/2010,4.5,53803,4.56,4.6,4.47
8/11/2010,4.5,15178,4.51,4.63,4.48
8/10/2010,4.68,3200,4.57,4.68,4.55
8/9/2010,4.67,39230,4.6,4.71,4.5802
8/6/2010,4.58,10450,4.63,4.75,4.58
8/5/2010,4.63,29723,4.8,4.8,4.63
8/4/2010,4.69,9027,4.6795,4.75,4.6795
8/3/2010,4.63,11740,4.69,4.78,4.52
8/2/2010,4.65,21525,4.7,4.7,4.58
7/30/2010,4.66,16450,4.65,4.7,4.51
7/29/2010,4.64,12528,4.5,4.69,4.5
7/28/2010,4.57,13650,4.55,4.62,4.55
7/27/2010,4.53,19836,4.49,4.58,4.33
7/26/2010,4.55,11200,4.48,4.58,4.37
7/23/2010,4.57,11413,4.57,4.57,4.5
7/22/2010,4.6,15090,4.51,4.64,4.5
7/21/2010,4.52,13713,4.48,4.52,4.47
7/20/2010,4.5,23591,4.22,4.53,4.22
7/19/2010,4.33,63553,4.38,4.3801,4
7/16/2010,4.4,15680,4.6,4.62,4.4
7/15/2010,4.61,15850,4.72,4.7899,4.6
7/14/2010,4.7,23149,4.71,4.752,4.63
7/13/2010,4.75,22900,4.75,4.75,4.61
7/12/2010,4.72,26372,4.45,4.75,4.45
7/9/2010,4.51,63786,4.56,4.68,4.51
7/8/2010,4.65,18590,4.61,4.69,4.53
7/7/2010,4.57,18200,4.52,4.63,4.5
7/6/2010,4.51,37238,4.72,4.72,4.51
7/2/2010,4.75,26357,4.58,4.75,4.54
7/1/2010,4.55,53050,4.62,4.72,4.49
6/30/2010,4.66,25128,4.59,4.7,4.59
6/29/2010,4.57,34460,4.61,4.7,4.5501
6/28/2010,4.6,23342,4.66,4.69,4.6
6/25/2010,4.65,32239,4.64,4.78,4.61
6/24/2010,4.63,11037,4.62,4.75,4.62
6/23/2010,4.76,6391,4.76,4.79,4.65
6/22/2010,4.73,19488,4.86,4.86,4.7199
6/21/2010,4.86,18578,4.91,4.91,4.76
6/18/2010,4.76,7899,4.64,4.76,4.64
6/17/2010,4.72,25915,4.71,4.85,4.6401
6/16/2010,4.73,30129,4.84,4.84,4.51
6/15/2010,4.76,17100,4.8,4.9,4.71
6/14/2010,4.79,14310,4.81,4.94,4.79
6/11/2010,4.8,7000,4.76,4.8399,4.72
6/10/2010,4.79,6550,4.75,4.8873,4.75
6/9/2010,4.72,20225,4.722,4.82,4.66
6/8/2010,4.68,41060,4.8,4.83,4.61
6/7/2010,4.79,32140,4.82,4.82,4.74
6/4/2010,4.83,55138,4.75,4.84,4.61
6/3/2010,4.75,26221,4.7,4.89,4.65
6/2/2010,4.72,31505,4.65,4.79,4.49
6/1/2010,4.67,33085,4.62,4.82,4.27
5/28/2010,4.67,34898,4.71,4.71,4.53
5/27/2010,4.7,152742,4.7,5.1,4.68
5/26/2010,4.61,11600,4.6,4.68,4.6
5/25/2010,4.55,54610,4.52,4.62,4.3308
5/24/2010,4.6,38000,4.59,4.74,4.5
5/21/2010,4.6,41636,4.53,4.71,4.4
5/20/2010,4.65,46595,4.57,4.78,4.57
5/19/2010,4.79,16482,4.77,4.87,4.75
5/18/2010,4.78,10080,4.86,4.88,4.77
5/17/2010,4.86,11054,4.95,4.98,4.85
5/14/2010,4.92,12250,4.9,4.94,4.87
5/13/2010,4.97,7239,4.97,4.98,4.86
5/12/2010,5,23095,5,5,4.94
5/11/2010,4.98,23005,5,5,4.86
5/10/2010,4.92,10658,5,5,4.86
5/7/2010,4.87,21232,4.99,5,4.75
5/6/2010,4.92,38542,4.96,5,4.63
5/5/2010,4.95,15851,4.82,4.98,4.79
5/4/2010,4.84,16812,4.91,4.98,4.84
5/3/2010,4.96,34888,5,5,4.87
4/30/2010,4.97,11441,5,5,4.96
4/29/2010,4.99,21961,4.87,4.99,4.87
4/28/2010,4.93,5732,5,5,4.91
4/27/2010,4.98,67740,5,5,4.7
4/26/2010,5.06,14263,5.13,5.13,5.05
4/23/2010,5.09,4032,5.05,5.1,5.03
4/22/2010,5.07,18761,5,5.0899,4.98
4/21/2010,5.03,4030,5.01,5.09,4.9601
4/20/2010,5.05,33205,5.03,5.15,5
4/19/2010,5,24330,5,5.02,4.9
4/16/2010,5.02,27935,5,5.07,4.97
4/15/2010,5.01,15050,4.92,5.09,4.9
4/14/2010,5.03,38589,4.93,5.18,4.9
4/13/2010,4.96,22286,4.88,4.96,4.72
4/12/2010,4.85,14328,4.89,4.9,4.84
4/9/2010,4.89,54833,4.89,4.9599,4.56
4/8/2010,4.95,27128,4.93,4.97,4.871
4/7/2010,4.91,19863,4.87,4.96,4.77
4/6/2010,4.85,42608,4.86,4.9,4.84
4/5/2010,4.83,29398,4.73,4.85,4.69
4/1/2010,4.65,30708,4.65,4.7,4.61
3/31/2010,4.6,17291,4.59,4.65,4.55
3/30/2010,4.59,18980,4.5,4.65,4.45
3/29/2010,4.49,19024,4.5,4.53,4.47
3/26/2010,4.4,32450,4.39,4.57,4.39
3/25/2010,4.43,24710,4.55,4.59,4.43
3/24/2010,4.47,22400,4.44,4.5205,4.36
3/23/2010,4.45,13300,4.46,4.46,4.36
3/22/2010,4.4601,19902,4.27,4.54,4.22
3/19/2010,4.28,52389,4.35,4.4,4.28
3/18/2010,4.38,17900,4.31,4.41,4.3
3/17/2010,4.31,77223,4.27,4.34,4.25
3/16/2010,4.31,59440,4.33,4.34,4.25
3/15/2010,4.3,30556,4.33,4.3399,4.24
3/12/2010,4.3,40078,4.3,4.34,4.24
3/11/2010,4.32,50455,4.3,4.36,4.22
3/10/2010,4.3,26255,4.3,4.3,4.11
3/9/2010,4.2701,54934,4.24,4.34,4.22
3/8/2010,4.29,28232,4.25,4.3,4.12
3/5/2010,4.2499,25058,4.23,4.25,4.111
3/4/2010,4.19,14400,4.15,4.22,4.15
3/3/2010,4.23,17321,4.08,4.2399,4
3/2/2010,4.13,21850,3.98,4.2,3.98
3/1/2010,4.05,31828,4.07,4.14,3.951
2/26/2010,4.04,44545,3.9,4.05,3.8999
2/25/2010,3.9101,124900,3.87,4.07,3.84
2/24/2010,4.06,24455,4.06,4.1132,3.89
2/23/2010,4.1,20094,4.34,4.39,4.06
2/22/2010,4.28,24763,4.37,4.4799,4.17
2/19/2010,4.35,25150,4.32,4.43,4.27
2/18/2010,4.38,85251,4.2,4.54,4.1501
2/17/2010,3.85,13293,3.82,3.9264,3.75
2/16/2010,3.88,8225,3.76,3.88,3.76
2/12/2010,3.7701,2358,3.81,3.81,3.77
2/11/2010,3.82,1900,3.78,3.82,3.77
2/10/2010,3.79,0,3.79,3.79,3.79
2/9/2010,3.79,8873,3.75,3.83,3.56
2/8/2010,3.8,5300,3.78,3.81,3.75
2/5/2010,3.8,11500,3.75,3.81,3.75
2/4/2010,3.78,27775,3.81,3.9,3.77
2/3/2010,3.85,4100,3.84,3.91,3.84
2/2/2010,3.85,8160,3.85,3.882,3.79
2/1/2010,3.85,2300,3.86,3.88,3.78
1/29/2010,3.85,9613,3.9,3.949,3.83
1/28/2010,3.95,7420,3.8,3.95,3.8
1/27/2010,3.85,5716,3.85,3.8807,3.85
1/26/2010,3.85,6828,3.78,3.87,3.78
1/25/2010,3.83,48156,3.84,3.87,3.8
1/22/2010,3.88,10400,3.81,3.9,3.7
1/21/2010,3.8,41901,3.93,3.95,3.74
1/20/2010,3.9,5000,3.94,3.94,3.9
1/19/2010,3.91,16247,3.89,3.99,3.89
1/15/2010,3.95,8100,3.93,3.95,3.88
1/14/2010,3.95,18994,3.87,3.95,3.84
1/13/2010,3.88,44051,3.88,3.95,3.85
1/12/2010,3.85,18054,3.93,3.93,3.82
1/11/2010,3.93,9165,3.97,3.99,3.93
1/8/2010,3.98,13173,4.09,4.12,3.98
1/7/2010,4.04,33683,3.96,4.04,3.9299
1/6/2010,3.92,11420,3.89,3.92,3.8204
1/5/2010,3.94,41504,3.9,4.06,3.88
1/4/2010,3.96,12043,3.89,3.99,3.89
12/31/2009,3.93,6700,3.94,3.94,3.9
12/30/2009,3.91,5550,3.9301,3.96,3.9
12/29/2009,3.9351,12380,3.93,3.97,3.89
12/28/2009,3.93,10302,3.93,3.93,3.89
12/24/2009,3.87,6300,3.9,3.91,3.76
12/23/2009,3.91,14296,3.94,3.98,3.9
12/22/2009,3.9,8950,3.89,3.98,3.89
12/21/2009,3.89,24001,4.02,4.07,3.89
12/18/2009,4.08,26373,3.92,4.09,3.86
12/17/2009,3.9,18754,3.94,3.98,3.87
12/16/2009,3.89,33093,3.7,3.9,3.7
12/15/2009,3.66,32122,3.54,3.75,3.54
12/14/2009,3.56,60767,3.72,3.76,3.56
12/11/2009,3.71,105837,3.82,3.9425,3.46
12/10/2009,3.8,23627,3.89,3.94,3.8
12/9/2009,3.8478,59206,3.91,3.94,3.82
12/8/2009,3.94,20771,3.87,4.0425,3.85
12/7/2009,3.99,19360,3.93,4.105,3.93
12/4/2009,3.97,14070,3.9,4.045,3.9
12/3/2009,3.94,43852,3.94,4.095,3.94
12/2/2009,3.93,15521,4.02,4.06,3.93
12/1/2009,4.02,27142,3.95,4.1,3.892
11/30/2009,3.99,15900,3.96,3.99,3.8511
11/27/2009,3.93,8829,3.78,3.97,3.78
11/25/2009,3.99,12346,3.76,4.04,3.76
11/24/2009,3.82,16198,3.8,3.8699,3.8
11/23/2009,3.75,10100,3.89,4.0008,3.75
11/20/2009,3.91,19150,3.95,3.95,3.79
11/19/2009,3.93,13547,3.95,4,3.87
11/18/2009,4.02,11850,4.03,4.09,3.98
11/17/2009,3.99,19681,3.93,4.06,3.9
11/16/2009,3.8999,66790,4.13,4.16,3.71
11/13/2009,4.12,41700,4.25,4.252,4.12
11/12/2009,4.3,10501,4.25,4.3,4.18
11/11/2009,4.2,7007,4.18,4.241,4.18
11/10/2009,4.12,19710,4.29,4.38,4.12
11/9/2009,4.34,27300,4.16,4.44,4.16
11/6/2009,4.21,45840,4.36,4.38,4.14
11/5/2009,4.45,64125,4.16,4.45,4.1
11/4/2009,4.08,58189,4.06,4.25,4.03
11/3/2009,3.95,22400,3.85,3.9666,3.85
11/2/2009,3.8,50635,3.05,3.8,3.05
10/30/2009,3.8,47170,4.04,4.19,3.75
10/29/2009,4.01,95240,4.55,4.55,3.95
10/28/2009,4.42,2525,4.35,4.53,4.35
10/27/2009,4.46,14625,4.41,4.52,4.41
10/26/2009,4.46,31873,4.41,4.4801,4.26
10/23/2009,4.42,7000,4.34,4.45,4.34
10/22/2009,4.43,16447,4.29,4.44,4.29
10/21/2009,4.25,21412,4.47,4.59,4.25
10/20/2009,4.47,10950,4.34,4.4895,4.34
10/19/2009,4.37,32541,4.2,4.46,4.2
10/16/2009,4.3,49894,4.09,4.49,4.08
10/15/2009,4.06,27095,4.06,4.12,3.98
10/14/2009,4.01,12281,4.04,4.0899,3.99
10/13/2009,4.03,9746,4.04,4.09,4
10/12/2009,4.06,22614,4.05,4.11,3.9509
10/9/2009,4,12546,3.94,4.09,3.94
10/8/2009,3.99,34850,4.034,4.14,3.97
10/7/2009,3.99,16581,4,4.07,3.965
10/6/2009,3.98,33787,3.79,4,3.79
10/5/2009,3.86,9007,3.86,3.9,3.76
10/2/2009,3.85,30209,3.87,3.92,3.7
10/1/2009,3.87,36755,3.9,3.99,3.87
9/30/2009,3.9,24233,3.94,3.96,3.9
9/29/2009,3.95,32400,3.97,3.97,3.91
9/28/2009,3.98,9405,3.92,4.0299,3.92
9/25/2009,3.95,13100,3.95,4.01,3.92
9/24/2009,3.941,14710,4,4.12,3.93
9/23/2009,4,21294,4.1,4.15,4
9/22/2009,4.06,11100,3.96,4.09,3.91
9/21/2009,3.98,14070,4.03,4.03,3.96
9/18/2009,3.92,59668,4.05,4.1799,3.92
9/17/2009,4.04,18750,3.95,4.04,3.92
9/16/2009,3.98,25343,4.08,4.08,3.96
9/15/2009,4.03,21598,3.83,4.0399,3.83
9/14/2009,3.94,23698,3.99,4.02,3.91
9/11/2009,4,17328,4.02,4.03,3.98
9/10/2009,4.0001,9995,4.04,4.04,4
9/9/2009,4.03,28450,4.07,4.07,3.99
9/8/2009,4.03,8850,4.08,4.0899,4
9/4/2009,4,9705,4,4.03,3.99
9/3/2009,4,16200,3.94,4,3.9305
9/2/2009,3.93,6870,3.94,3.9601,3.9
9/1/2009,3.94,95713,4.02,4.02,3.91
8/31/2009,4.09,10518,4,4.09,4
8/28/2009,4.09,57060,4.2,4.2,4
8/27/2009,4.1,23510,3.95,4.13,3.9
8/26/2009,4,10600,3.95,4.02,3.91
8/25/2009,3.93,19429,3.92,4.0499,3.9
8/24/2009,4,17885,4.13,4.13,3.9
8/21/2009,4.06,34069,3.7,4.19,3.7
8/20/2009,4.08,7800,4.13,4.13,4.0201
8/19/2009,4.13,9800,4.22,4.23,4.07
8/18/2009,4.23,26758,3.91,4.23,3.91
8/17/2009,3.96,11440,3.95,4.013,3.95
8/14/2009,4.01,7006,4.04,4.04,4
8/13/2009,4,17820,4.01,4.02,3.9
8/12/2009,3.995,15471,4.04,4.07,3.91
8/11/2009,4.04,13435,3.954,4.08,3.95
8/10/2009,4.01,53297,3.98,4.09,3.9796
8/7/2009,3.99,35265,3.75,3.99,3.71
8/6/2009,3.79,20278,3.69,3.79,3.67
8/5/2009,3.69,4500,3.6,3.69,3.6
8/4/2009,3.6,26403,3.62,3.8,3.55
8/3/2009,3.69,33796,3.68,3.71,3.62
7/31/2009,3.65,114689,3.55,3.79,3.55
7/30/2009,3.27,19825,3.3,3.33,3.2
7/29/2009,3.31,14037,3.21,3.33,3.2
7/28/2009,3.2,11918,3.2835,3.3199,3.1801
7/27/2009,3.35,25651,3.35,3.49,3.27
7/24/2009,3.34,49500,3.41,3.54,3.32
7/23/2009,3.39,21041,3.26,3.48,3.26
7/22/2009,3.29,29595,3.21,3.41,3.18
7/21/2009,3.18,9700,3.25,3.28,3.16
7/20/2009,3.25,10850,3.15,3.29,3.15
7/17/2009,3.23,12658,3.17,3.33,3.17
7/16/2009,3.3,38520,3.32,3.47,3.15
7/15/2009,3.28,62400,3.04,3.28,3.04
7/14/2009,3.11,13200,3.06,3.18,3.04
7/13/2009,3.11,35177,2.62,3.1149,2.62
7/10/2009,3.11,21850,3.18,3.28,3.09
7/9/2009,3.19,29080,3.16,3.24,3.05
7/8/2009,3.19,26287,3.303,3.33,3.14
7/7/2009,3.33,27217,3.14,3.37,3.14
7/6/2009,3.18,35200,3.22,3.28,3.09
7/2/2009,3.31,45960,3.4,3.42,3.27
7/1/2009,3.46,36759,3.54,3.57,3.28
6/30/2009,3.57,80372,3.39,3.57,3.38
6/29/2009,3.32,65300,3.06,3.34,3.02
6/26/2009,3.13,22700,3.15,3.22,2.98
6/25/2009,3.22,26964,3.26,3.32,3.22
6/24/2009,3.3,13312,3.26,3.35,3.25
6/23/2009,3.28,39207,3.29,3.46,3.21
6/22/2009,3.32,88140,3.61,3.64,3.01
6/19/2009,3.73,10124,3.67,3.7901,3.67
6/18/2009,3.62,8700,3.59,3.76,3.59
6/17/2009,3.65,20350,3.57,3.7,3.55
6/16/2009,3.64,16020,3.7,3.7,3.62
6/15/2009,3.7,30777,3.7,3.7,3.51
6/12/2009,3.68,36832,3.9,3.97,3.61
6/11/2009,3.92,27100,3.81,3.92,3.75
6/10/2009,3.75,18404,3.69,3.79,3.6301
6/9/2009,3.69,72110,3.78,3.78,3.54
6/8/2009,3.81,44456,3.9,3.99,3.76
6/5/2009,4.01,25446,4.1,4.1,3.92
6/4/2009,4.03,53490,3.87,4.11,3.87
6/3/2009,3.92,26327,3.74,3.93,3.74
6/2/2009,3.83,56040,3.64,3.83,3.44
6/1/2009,3.72,38294,3.64,3.72,3.59
5/29/2009,3.63,161060,3.21,3.63,3.21
5/28/2009,3.29,22200,3.29,3.39,3.27
5/27/2009,3.27,17200,3.26,3.3799,3.26
5/26/2009,3.29,16000,3.2,3.3972,3.2
5/22/2009,3.29,22320,3.2,3.45,3.2
5/21/2009,3.24,83315,3.36,3.5797,3.23
5/20/2009,3.42,44750,3.26,3.42,3.2
5/19/2009,3.3,64250,3.29,3.35,3.25
5/18/2009,3.3,58460,3.3,3.34,3.2401
5/15/2009,3.34,57530,3.37,3.4,3.07
5/14/2009,3.42,22346,3.23,3.42,3.2
5/13/2009,3.23,37407,3.37,3.37,3.18
5/12/2009,3.35,111439,3.22,3.4001,3.17
5/11/2009,3.16,54473,3.25,3.25,3
5/8/2009,3.33,142125,3.16,3.39,3.08
5/7/2009,3.2,250582,3.37,3.37,2.95
5/6/2009,3.37,105821,2.91,3.37,2.91
5/5/2009,3.24,78377,2.94,3.24,2.94
5/4/2009,3.01,100614,3.25,3.25,3.01
5/1/2009,3.1,152477,2.7,3.2799,2.66
4/30/2009,2.63,71025,2.45,2.7701,2.45
4/29/2009,2.47,145350,2.54,2.66,2.42
4/28/2009,2.5,117370,2.29,2.52,2.29
4/27/2009,2.27,110226,2.15,2.4,2.15
4/24/2009,2.2,81323,2.1,2.34,2.1
4/23/2009,2.14,38019,2.12,2.17,2.1
4/22/2009,2.05,57380,2.06,2.16,1.93
4/21/2009,2.01,118761,1.9,2.19,1.9
4/20/2009,2.04,33842,1.81,2.04,1.8
4/17/2009,1.9,81614,1.92,2.05,1.9
4/16/2009,1.93,171316,1.96,2.052,1.9208
4/15/2009,1.96,55450,1.7,1.96,1.7
4/14/2009,1.76,69256,1.8,1.87,1.72
4/13/2009,1.85,76829,1.66,1.8699,1.66
4/9/2009,1.65,45725,1.59,1.73,1.59
4/8/2009,1.62,27680,1.61,1.71,1.61
4/7/2009,1.62,51546,1.6,1.7,1.59
4/6/2009,1.6,64425,1.63,1.66,1.58
4/3/2009,1.5899,22750,1.63,1.63,1.55
4/2/2009,1.64,56103,1.7,1.75,1.5999
4/1/2009,1.59,144192,1.49,1.59,1.49
3/31/2009,1.53,104170,1.5,1.54,1.5
3/30/2009,1.5,49220,1.64,1.64,1.5
3/27/2009,1.5,54900,1.59,1.59,1.5
3/26/2009,1.55,62790,1.505,1.57,1.5
3/25/2009,1.49,30926,1.49,1.52,1.49
3/24/2009,1.5,39300,1.38,1.51,1.38
3/23/2009,1.47,137700,1.42,1.525,1.42
3/20/2009,1.45,76175,1.41,1.47,1.4
3/19/2009,1.41,189240,1.43,1.48,1.365
3/18/2009,1.49,26360,1.5,1.53,1.49
3/17/2009,1.51,35448,1.68,1.68,1.49
3/16/2009,1.51,66174,1.5,1.53,1.5
3/13/2009,1.52,83325,1.49,1.57,1.49
3/12/2009,1.49,157672,1.5,1.5464,1.49
3/11/2009,1.51,78002,1.57,1.59,1.5
3/10/2009,1.69,26893,1.55,1.74,1.55
3/9/2009,1.6,43713,1.55,1.6894,1.55
3/6/2009,1.64,19638,1.56,1.68,1.56
3/5/2009,1.68,68500,1.65,1.74,1.54
3/4/2009,1.77,80651,1.63,1.81,1.63
3/3/2009,1.68,77610,1.96,1.99,1.68
3/2/2009,2.01,106206,2.45,2.45,1.83
2/27/2009,2.4,196120,1.66,2.41,1.45
2/26/2009,1.5,299323,1.54,1.54,1.1
2/25/2009,1.5768,56891,1.74,1.74,1.5
2/24/2009,1.65,37967,1.65,1.75,1.58
2/23/2009,1.73,182544,1.8,1.87,1.36
2/20/2009,1.91,11790,1.89,1.95,1.79
2/19/2009,1.94,8520,1.98,1.99,1.93
2/18/2009,1.94,4500,2.03,2.03,1.91
2/17/2009,2.03,29710,2.04,2.13,1.96
2/13/2009,1.96,6600,1.86,2.1,1.86
2/12/2009,1.85,15590,2.05,2.05,1.79
2/11/2009,1.9099,43474,1.97,1.97,1.8
2/10/2009,1.91,27150,2.01,2.02,1.9
2/9/2009,1.99,79980,2,2.03,1.93
2/6/2009,2.04,119836,2.15,2.271,1.93
2/5/2009,2.17,151145,2.23,2.23,2.15
2/4/2009,2.07,70949,2.09,2.27,2.03
2/3/2009,2.14,68550,2.15,2.33,1.95
2/2/2009,2.1,51173,2.29,2.29,1.9
1/30/2009,2.21,32280,2.2,2.22,2
1/29/2009,2.25,34654,2.4,2.4,2.09
1/28/2009,2.29,4800,2.25,2.29,2.2136
1/27/2009,2.29,26393,2.26,2.34,2.09
1/26/2009,2.24,21500,2.26,2.3,2.2
1/23/2009,2.31,16750,2.24,2.35,2.24
1/22/2009,2.355,9300,2.32,2.4,2.21
1/21/2009,2.42,32961,2.16,2.42,2.15
1/20/2009,2.16,25300,2.26,2.29,2.15
1/16/2009,2.29,17382,2.41,2.43,2.26
1/15/2009,2.46,36150,2.52,2.56,2.33
1/14/2009,2.59,49098,2.44,2.59,2.41
1/13/2009,2.48,27600,2.4,2.4901,2.34
1/12/2009,2.41,22650,2.36,2.4799,2.26
1/9/2009,2.43,19286,2.36,2.47,2.34
1/8/2009,2.41,58700,2.26,2.45,2.26
1/7/2009,2.25,20000,2.26,2.33,2.21
1/6/2009,2.34,39863,2.39,2.39,2.29
1/5/2009,2.28,65940,2.13,2.39,2.1
1/2/2009,2.14,41867,2.01,2.15,2.01
12/31/2008,2.01,60575,1.79,2.05,1.79
12/30/2008,1.84,41300,1.88,1.94,1.83
12/29/2008,1.86,82977,1.99,1.99,1.75
12/26/2008,1.93,13300,1.93,2,1.92
12/24/2008,1.95,38476,1.81,1.98,1.81
12/23/2008,1.8,301223,1.77,1.97,1.75
12/22/2008,1.78,195231,1.84,1.93,1.73
12/19/2008,1.86,54115,1.82,1.86,1.66
12/18/2008,1.78,35642,1.85,1.8601,1.78
12/17/2008,1.83,22216,1.78,1.92,1.76
12/16/2008,1.87,67171,2,2,1.86
12/15/2008,1.95,43224,2.06,2.1193,1.88
12/12/2008,2.11,53239,2,2.11,1.95
12/11/2008,2.0199,40370,2.03,2.03,2
12/10/2008,2.04,33775,2,2.05,1.98
12/9/2008,1.99,49296,2.04,2.09,1.96
12/8/2008,2,49094,2.16,2.16,1.96
12/5/2008,2.02,77613,2.19,2.19,2
12/4/2008,2.15,34940,2.32,2.32,2.13
12/3/2008,2.28,52769,2.42,2.42,2.2
12/2/2008,2.5,25692,2.17,2.5,2.15
12/1/2008,2.25,26897,2.3,2.31,2.17
11/28/2008,2.35,5820,2.3299,2.3799,2.31
11/26/2008,2.36,36199,2.2,2.36,2.12
11/25/2008,2.2,35600,2.11,2.2,2.06
11/24/2008,2.22,32000,2.15,2.3,2
11/21/2008,2.05,41200,2.08,2.28,1.95
11/20/2008,2,75373,2.24,2.3,2
11/19/2008,2.28,35200,2.7,2.7,2.12
11/18/2008,2.72,88798,2.11,2.72,2
11/17/2008,2.22,13029,2.22,2.26,2.11
11/14/2008,2.29,14296,2.27,2.34,2.16
11/13/2008,2.24,71009,2.05,2.24,2.02
11/12/2008,2.02,36400,2.03,2.0499,2
11/11/2008,2.05,99566,1.98,2.0699,1.98
11/10/2008,1.99,70638,1.97,2.03,1.96
11/7/2008,2,176410,2.08,2.09,1.85
11/6/2008,2.12,65266,2.2,2.33,2.09
11/5/2008,2.31,97388,2.1,2.31,2.1
11/4/2008,2.2,66440,2.01,2.3,2.01
11/3/2008,2.23,96523,2.38,2.38,2.2
10/31/2008,2.38,85743,2.41,2.43,2.3299
10/30/2008,2.4299,18025,2.47,2.48,2.41
10/29/2008,2.47,21865,2.58,2.58,2.47
10/28/2008,2.55,26282,2.5,2.55,2.43
10/27/2008,2.57,10373,2.74,2.74,2.57
10/24/2008,2.73,5900,2.75,2.82,2.67
10/23/2008,2.76,12500,2.77,2.92,2.7
10/22/2008,2.91,14397,2.91,2.95,2.78
10/21/2008,2.89,15347,2.91,2.95,2.88
10/20/2008,2.88,17800,2.81,2.91,2.79
10/17/2008,2.8,19708,2.72,2.83,2.72
10/16/2008,2.73,11067,2.85,2.85,2.67
10/15/2008,2.77,10050,3.08,3.08,2.77
10/14/2008,3.01,40985,3.41,3.41,3
10/13/2008,3.33,47509,2.9,3.41,2.9
10/10/2008,2.8,78178,2.65,2.974,2.56
10/9/2008,2.55,33074,3,3.09,2.55
10/8/2008,2.92,62012,3,3.19,2.92
10/7/2008,3.01,162400,3.13,3.37,3
10/6/2008,3.05,209119,3.19,3.2201,2.84
10/3/2008,3.23,83730,3.2,3.4946,3.2
10/2/2008,3.23,106387,3.46,3.53,3.2
10/1/2008,3.55,155579,3.59,3.67,3.41
9/30/2008,3.5,111006,4,4.05,3.35
9/29/2008,3.95,88871,3.43,4.134,3.2
9/26/2008,3.42,62560,3.46,3.5,3.25
9/25/2008,3.37,126197,3.3,3.48,3.28
9/24/2008,3.28,129769,3.46,3.58,3.26
9/23/2008,3.48,264652,3.45,3.75,3.36
9/22/2008,3.41,231344,3.36,3.46,3.3
9/19/2008,3.3,251526,3.31,3.6717,3.2
9/18/2008,3.3,126877,3.4,3.45,3.27
